time_ns,rmsd_peptide_nm,rmsd_ache_nm,rmsd_complex_nm
0.0000,0.015131,0.015132,0.015132
0.0400,0.053507,0.084920,0.085261
0.0600,0.040318,0.098359,0.098001
0.0800,0.054555,0.094069,0.094320
0.1000,0.048901,0.108626,0.108416
0.1200,0.048994,0.108626,0.108416
0.1400,0.056783,0.098146,0.098223
0.1600,0.052428,0.106423,0.106528
0.1800,0.051143,0.104130,0.104361
0.2000,0.055362,0.100072,0.100028
0.2200,0.042096,0.110450,0.110079
0.2400,0.060151,0.103759,0.103601
0.2600,0.056694,0.110332,0.110044
0.2800,0.055603,0.102696,0.102442
0.3000,0.050106,0.106155,0.105760
0.3200,0.067824,0.106038,0.106434
0.3400,0.058732,0.106038,0.105857
0.3800,0.067813,0.111780,0.111467
0.4000,0.054434,0.111780,0.111467
0.4200,0.059466,0.102654,0.102668
0.4800,0.078657,0.122915,0.122717
0.5400,0.052030,0.103843,0.103732
0.5600,0.060874,0.103843,0.103732
0.5800,0.048277,0.113755,0.113626
0.6000,0.061887,0.110036,0.109759
0.6200,0.051881,0.115698,0.115290
0.6400,0.070956,0.113064,0.113165
0.6600,0.063420,0.110375,0.110159
0.6800,0.046982,0.120760,0.120623
0.7000,0.056437,0.120760,0.120623
0.7200,0.051038,0.116558,0.116261
0.7800,0.068488,0.118319,0.118116
0.8200,0.053341,0.137234,0.136793
0.8400,0.065806,0.137234,0.136793
0.8600,0.063019,0.126603,0.126447
0.9000,0.046273,0.132050,0.131549
0.9200,0.055083,0.125368,0.124838
0.9400,0.051822,0.128111,0.127631
0.9600,0.053584,0.126508,0.126190
0.9800,0.059576,0.126508,0.126190
1.0000,0.053888,0.126508,0.126190
1.0400,0.071740,0.113325,0.113152
1.0800,0.049353,0.128469,0.128181
1.1200,0.062957,0.112224,0.112094
1.1400,0.050568,0.112224,0.112094
1.2000,0.067645,0.120041,0.119771
1.2400,0.055419,0.118749,0.118475
1.2600,0.055852,0.129575,0.129145
1.3000,0.068119,0.122377,0.122394
1.3600,0.057839,0.125345,0.132276
1.3800,0.070548,0.118635,0.118262
1.4000,0.047007,0.118635,0.118262
1.4200,0.061956,0.125254,0.124899
1.4400,0.060839,0.115924,0.115598
1.4600,0.064263,0.115924,0.115598
1.4800,0.076407,0.127905,0.127765
1.5200,0.057783,0.128373,0.127990
1.5400,0.059871,0.123544,0.123321
1.5600,0.053433,0.123544,0.123321
1.6000,0.075894,0.137157,0.136750
1.6200,0.052123,0.125640,0.125548
1.6400,0.065590,0.130971,0.130554
1.6600,0.069374,0.124266,0.124141
1.6800,0.068383,0.124266,0.124141
1.7000,0.057214,0.144404,0.143881
1.7200,0.060111,0.144404,0.143881
1.7800,0.071463,0.124518,0.124253
1.8000,0.055286,0.111943,0.111706
1.8200,0.071494,0.111943,0.111706
1.8400,0.070370,0.120946,0.120728
1.9000,0.058663,0.133109,0.132680
1.9200,0.063060,0.118099,0.117946
1.9400,0.073905,0.123839,0.123461
1.9600,0.054626,0.121243,0.120917
1.9800,0.066079,0.125477,0.125357
2.0000,0.061480,0.124544,0.124584
2.0200,0.070100,0.119819,0.119540
2.0600,0.060580,0.132325,0.131868
2.0800,0.064791,0.132325,0.131868
2.1000,0.060833,0.123257,0.122995
2.1200,0.066004,0.123257,0.122995
2.1400,0.058246,0.126306,0.126144
2.1600,0.073713,0.115652,0.115343
2.1800,0.059737,0.115652,0.115343
2.2000,0.070213,0.116078,0.115939
2.2200,0.064450,0.116078,0.115939
2.2400,0.058839,0.125917,0.125949
2.2800,0.064723,0.117661,0.109402
2.3000,0.061287,0.109549,0.109402
2.3200,0.067171,0.124990,0.115040
2.3600,0.052544,0.123417,0.123322
2.4000,0.058056,0.130157,0.129673
2.4600,0.047591,0.114792,0.114655
2.4800,0.070345,0.115317,0.115563
2.5000,0.043179,0.117757,0.118041
2.5200,0.051363,0.125079,0.124646
2.5400,0.059822,0.116486,0.116345
2.5600,0.044597,0.119921,0.119654
2.5800,0.047991,0.119921,0.119654
2.6000,0.045836,0.116081,0.115806
2.6200,0.046216,0.116081,0.115806
2.6800,0.057733,0.138206,0.137804
2.7000,0.041636,0.138206,0.137804
2.7200,0.051785,0.138206,0.137804
2.7400,0.040984,0.138206,0.137804
2.7800,0.058020,0.138206,0.137804
2.8000,0.054401,0.119536,0.119207
2.8200,0.044217,0.119536,0.119207
2.8400,0.050013,0.120167,0.119915
2.8600,0.045196,0.135119,0.134586
2.8800,0.048779,0.135119,0.134586
2.9000,0.046665,0.135448,0.134910
2.9200,0.048691,0.135448,0.134910
2.9800,0.065777,0.133214,0.132913
3.0200,0.045639,0.126079,0.125753
3.0800,0.075474,0.133700,0.133293
3.1000,0.070809,0.119195,0.119092
3.1400,0.047674,0.126522,0.126130
3.1600,0.068265,0.127720,0.127485
3.1800,0.058552,0.143688,0.143259
3.2000,0.068840,0.135441,0.135359
3.2200,0.057374,0.130444,0.130215
3.2600,0.077152,0.141336,0.140795
3.2800,0.068858,0.141336,0.140795
3.3000,0.075837,0.159130,0.158623
3.3200,0.056015,0.150424,0.149872
3.3400,0.069452,0.133303,0.132958
3.3800,0.054793,0.133569,0.133278
3.4000,0.074830,0.133747,0.133451
3.4200,0.046244,0.136342,0.135972
3.4400,0.053601,0.136153,0.135972
3.4600,0.048057,0.136153,0.135972
3.5200,0.059244,0.129108,0.128694
3.5400,0.049464,0.126084,0.125691
3.5800,0.060866,0.132042,0.131634
3.6000,0.057924,0.118537,0.118522
3.6200,0.061647,0.118537,0.118522
3.6400,0.054096,0.118537,0.118522
3.6600,0.073501,0.118537,0.118522
3.7000,0.045648,0.151006,0.150345
3.7400,0.066943,0.151006,0.150345
3.7600,0.059492,0.151006,0.150345
3.8000,0.041590,0.140239,0.139761
3.8200,0.061114,0.140239,0.139761
3.8400,0.060305,0.129717,0.129421
3.8600,0.061441,0.129717,0.129421
3.9200,0.045192,0.137792,0.137283
3.9600,0.055724,0.137927,0.137426
4.0000,0.049670,0.139152,0.138785
4.0600,0.060547,0.133066,0.132847
4.1000,0.049763,0.137549,0.137420
4.1400,0.074708,0.136976,0.136692
4.1600,0.069745,0.136976,0.136692
4.1800,0.049724,0.124024,0.123900
4.2000,0.057125,0.124024,0.123900
4.2600,0.045911,0.127328,0.132763
4.3200,0.069044,0.144414,0.135058
4.3600,0.053470,0.144414,0.138102
4.3800,0.053771,0.144414,0.144446
4.4000,0.044404,0.141622,0.141006
4.4800,0.070206,0.146197,0.145903
4.5200,0.057311,0.157315,0.156887
4.5400,0.078983,0.157315,0.150976
4.6000,0.051747,0.153388,0.153171
4.6400,0.063122,0.147516,0.147442
4.6600,0.061989,0.152245,0.151954
4.6800,0.055177,0.147336,0.147231
4.7000,0.064817,0.156339,0.156046
4.7200,0.062963,0.146384,0.146207
4.7400,0.055369,0.158567,0.158032
4.8000,0.074830,0.143823,0.144168
4.8400,0.054875,0.136849,0.136879
4.9000,0.072582,0.157898,0.157644
4.9200,0.054068,0.144826,0.144860
4.9400,0.063343,0.144826,0.144860
4.9600,0.062119,0.148716,0.148773
4.9800,0.055502,0.146632,0.146654
5.0000,0.057891,0.146632,0.146654
5.0200,0.054516,0.134494,0.134431
5.0400,0.055144,0.139556,0.139140
5.0600,0.065771,0.144008,0.144321
5.0800,0.055753,0.135350,0.135215
5.1000,0.062123,0.149714,0.149298
5.1400,0.050487,0.146422,0.146001
5.1600,0.060187,0.142068,0.141795
5.1800,0.050920,0.142279,0.142276
5.2000,0.053953,0.142406,0.142606
5.2200,0.049763,0.146665,0.146414
5.2400,0.064536,0.139890,0.139597
5.2600,0.059060,0.145573,0.145547
5.2800,0.057204,0.145141,0.145046
5.3000,0.051219,0.145141,0.145046
5.3200,0.053845,0.146413,0.146404
5.3400,0.053280,0.143043,0.143102
5.3600,0.056490,0.152895,0.152640
5.3800,0.065476,0.150508,0.150642
5.4000,0.050853,0.149175,0.148936
5.4200,0.071508,0.142323,0.142302
5.4400,0.058026,0.151649,0.151386
5.4600,0.061183,0.146997,0.146526
5.4800,0.055018,0.146997,0.146526
5.5000,0.057089,0.154146,0.154220
5.5200,0.070662,0.154146,0.154220
5.5400,0.059938,0.151972,0.151545
5.5600,0.069417,0.160835,0.160446
5.5800,0.065219,0.151315,0.151236
5.6000,0.051141,0.151315,0.151236
5.6200,0.067669,0.162880,0.162608
5.6400,0.060297,0.152753,0.152475
5.6600,0.056858,0.152753,0.152475
5.6800,0.067552,0.160131,0.159734
5.7000,0.063333,0.160131,0.159734
5.7200,0.065378,0.159098,0.159113
5.7600,0.052655,0.149474,0.148963
5.7800,0.072193,0.161591,0.161386
5.8000,0.064299,0.158627,0.158402
5.8200,0.075091,0.148320,0.148079
5.8400,0.057741,0.150570,0.150505
5.8600,0.061904,0.150570,0.150505
5.8800,0.055877,0.168382,0.168351
5.9200,0.070007,0.168382,0.168351
5.9400,0.071061,0.148247,0.148367
5.9600,0.075903,0.158841,0.158474
5.9800,0.060116,0.150794,0.150783
6.0000,0.069734,0.151191,0.151377
6.0400,0.058638,0.161362,0.161021
6.0600,0.072933,0.155683,0.155425
6.0800,0.063665,0.155943,0.155766
6.1000,0.065721,0.155943,0.155766
6.1200,0.066955,0.155943,0.155766
6.1400,0.064273,0.155943,0.155766
6.1600,0.071982,0.168008,0.167765
6.1800,0.057929,0.168008,0.167765
6.2000,0.065422,0.168008,0.167765
6.2200,0.066925,0.154924,0.154983
6.2400,0.055790,0.166579,0.166464
6.2600,0.058398,0.153169,0.152971
6.2800,0.067556,0.153955,0.154082
6.3200,0.051660,0.170203,0.169621
6.3400,0.052491,0.153727,0.153779
6.4000,0.075558,0.155405,0.155013
6.4200,0.074704,0.155405,0.155013
6.4400,0.056028,0.133359,0.143764
6.4600,0.060245,0.133359,0.133072
6.5200,0.055926,0.158022,0.157438
6.5400,0.063264,0.159067,0.158599
6.5800,0.054371,0.147789,0.147184
6.6000,0.059737,0.155306,0.154920
6.6200,0.051511,0.155306,0.154920
6.6400,0.062268,0.154745,0.154402
6.6600,0.052418,0.150665,0.150545
6.7200,0.076641,0.152823,0.152922
6.7600,0.051426,0.162576,0.162229
6.7800,0.068842,0.162576,0.162229
6.8000,0.066987,0.155806,0.155313
6.8200,0.060914,0.160788,0.160285
6.8400,0.065143,0.145558,0.145260
6.8600,0.043472,0.159078,0.158478
6.8800,0.066444,0.159078,0.158478
6.9000,0.061015,0.137286,0.137060
6.9200,0.053970,0.137286,0.137060
6.9400,0.066689,0.137286,0.137060
6.9600,0.063424,0.155441,0.155175
6.9800,0.061809,0.155441,0.155175
7.0000,0.056856,0.151268,0.150824
7.0200,0.067421,0.151320,0.151087
7.0400,0.056717,0.151320,0.151087
7.0600,0.058421,0.161781,0.161221
7.1000,0.070844,0.157492,0.157123
7.1400,0.052969,0.140947,0.140541
7.2200,0.063980,0.145931,0.145453
7.2400,0.053477,0.143683,0.143768
7.2600,0.053577,0.153088,1.075427
7.2800,0.060627,0.153088,0.151952
7.3000,0.052314,0.152167,0.151952
7.3200,0.057203,0.141668,0.141413
7.3800,0.074737,0.168305,0.167642
7.4000,0.057596,0.166742,0.166044
7.4200,0.065730,0.145391,0.144909
7.4400,0.066455,0.145391,0.144909
7.4600,0.062659,0.142348,0.142321
7.4800,0.052591,0.152205,0.151919
7.5000,0.063848,0.152205,0.151919
7.5200,0.054029,0.139657,0.139440
7.5400,0.060970,0.139657,0.139440
7.5600,0.059092,0.143278,0.142664
7.5800,0.057983,0.157134,0.156584
7.6000,0.053409,0.149986,0.149471
7.6200,0.056193,0.135995,0.136002
7.6400,0.057122,0.135995,0.136002
7.6800,0.051742,0.137739,0.137604
7.7000,0.067605,0.137739,0.137604
7.7200,0.061366,0.153998,0.153619
7.7400,0.054881,0.144490,0.144223
7.7600,0.057118,0.145469,0.145173
7.7800,0.068792,0.141227,0.141196
7.8000,0.064365,0.141227,0.141196
7.8200,0.063711,0.141961,0.141580
7.8400,0.056198,0.139958,0.139700
7.8600,0.065643,0.139958,0.153836
7.8800,0.056251,0.159500,0.150571
7.9000,0.060189,0.159500,0.158872
7.9400,0.071500,0.160714,0.160093
8.0000,0.060118,0.150368,0.150250
8.0200,0.060427,0.159027,0.158594
8.0800,0.047962,0.155699,0.155108
8.1000,0.073719,0.157242,0.157061
8.1200,0.052647,0.172836,0.172230
8.1400,0.062118,0.165366,0.164944
8.1800,0.047524,0.148061,0.147863
8.2000,0.062147,0.152603,0.152213
8.2200,0.051220,0.145608,0.145608
8.2400,0.052971,0.159526,0.159314
8.2600,0.049467,0.148695,0.148310
8.2800,0.051333,0.157004,1.075730
8.3000,0.052707,0.153602,1.075730
8.3200,0.063706,0.157118,1.075730
8.3400,0.062683,0.149682,0.151367
8.3600,0.059543,0.149682,0.149299
8.3800,0.074987,0.149682,0.149299
8.4000,0.062533,0.149682,0.149299
8.4200,0.067421,0.157558,0.157045
8.4400,0.071311,0.157558,0.157045
8.4600,0.057441,0.168502,0.167942
8.4800,0.075274,0.158098,0.157503
8.5000,0.054211,0.158098,0.157503
8.5200,0.063405,0.158098,0.157503
8.5400,0.046296,0.166956,0.166197
8.5800,0.072271,0.149667,0.149447
8.6000,0.061221,0.147134,0.146748
8.6200,0.061388,0.151102,0.150817
8.6400,0.065096,0.148551,0.148088
8.6600,0.064271,0.166691,0.166186
8.6800,0.055540,0.166691,0.166186
8.7000,0.060559,0.155915,0.155371
8.7400,0.076936,0.148259,0.150013
8.7600,0.061790,0.148259,1.078019
8.7800,0.076029,0.147103,1.074672
8.8200,0.064526,0.138685,0.138591
8.8600,0.079480,0.140213,0.140016
8.9200,0.061410,0.145772,0.145180
8.9400,0.059996,0.145772,0.151648
8.9800,0.072812,0.168788,0.168143
9.0000,0.057168,0.161061,1.077924
9.0200,0.078262,0.161061,1.077924
9.0400,0.076832,0.139378,1.075422
9.1000,0.051936,0.161094,0.160787
9.1200,0.066416,0.161094,0.160787
9.1400,0.063407,0.151295,0.150995
9.1600,0.070992,0.157474,0.157323
9.1800,0.070332,0.154485,0.154422
9.2000,0.072724,0.148655,0.148263
9.2200,0.062227,0.150992,0.150485
9.2400,0.071459,0.163665,0.163182
9.2600,0.069570,0.158907,0.158602
9.3000,0.056264,0.164796,0.164208
9.3200,0.059145,0.168122,0.167720
9.3400,0.048256,0.159175,0.158570
9.3600,0.067243,0.164662,0.164292
9.3800,0.048353,0.163562,0.163051
9.4000,0.064282,0.166568,0.166258
9.4400,0.050229,0.172902,0.172210
9.4600,0.046169,0.175063,0.174522
9.5000,0.060503,0.180851,0.180566
9.5200,0.048034,0.154015,0.153635
9.5400,0.055126,0.154015,0.153635
9.5600,0.050041,0.155641,0.155307
9.5800,0.064988,0.139281,0.139704
9.6000,0.055707,0.139281,0.139704
9.6200,0.060094,0.163502,0.163099
9.6400,0.056419,0.147937,0.147757
9.6600,0.069021,0.149592,0.149665
9.6800,0.052616,0.168170,0.167597
9.7000,0.060218,0.168170,0.167597
9.7400,0.070552,0.148892,0.149319
9.7600,0.069420,0.148892,0.149319
9.8200,0.060574,0.158925,0.158560
9.8600,0.071574,0.146084,0.149796
9.8800,0.046556,0.146084,0.144427
9.9000,0.047633,0.147683,0.144427
9.9400,0.054974,0.143922,0.144427
9.9600,0.054195,0.163257,0.162750
9.9800,0.072347,0.163257,0.162750
10.0000,0.040469,0.149456,0.149237
10.0200,0.045842,0.152402,0.152173
10.0600,0.076704,0.156589,0.156439
10.1000,0.057969,0.147790,0.147406
10.1200,0.066686,0.148417,0.148129
10.1400,0.055311,0.147351,0.147181
10.1600,0.065720,0.147351,0.147181
10.1800,0.060414,0.160140,0.159892
10.2000,0.057530,0.160140,0.159892
10.2200,0.049803,0.148604,0.148973
10.2400,0.059582,0.148604,0.148973
10.2600,0.059480,0.150365,0.150044
10.3000,0.054798,0.149064,0.153543
10.3600,0.071592,0.163113,1.074207
10.3800,0.055357,0.143939,0.147731
10.4000,0.061495,0.143939,0.143887
10.4200,0.061861,0.159651,0.159211
10.4400,0.073293,0.151219,0.151671
10.4800,0.056942,0.152781,1.080968
10.5200,0.066694,0.147733,0.147632
10.5600,0.056251,0.157001,0.162135
10.6200,0.065361,0.174973,0.174564
10.6400,0.062019,0.174973,0.174564
10.6600,0.071794,0.174973,0.174564
10.6800,0.070718,0.148871,0.148970
10.7200,0.060152,0.157895,0.157649
10.7400,0.061247,0.146325,0.146542
10.7600,0.067297,0.146325,0.146542
10.7800,0.062391,0.170346,0.169934
10.8000,0.062967,0.165760,0.162877
10.8200,0.070139,0.165760,0.165493
10.8400,0.061799,0.157671,0.157240
10.8600,0.063174,0.157671,0.157240
10.8800,0.062674,0.142225,0.142202
10.9000,0.066960,0.142225,0.142202
10.9200,0.057918,0.158066,0.157890
10.9400,0.058645,0.148234,1.080892
10.9600,0.067943,0.149517,1.080892
11.0000,0.050437,0.147805,0.147516
11.0200,0.052665,0.147805,0.147516
11.0400,0.053590,0.163040,0.162412
11.0600,0.051013,0.163040,0.162412
11.1000,0.061068,0.148924,0.148909
11.1400,0.045397,0.156784,0.156388
11.1600,0.060175,0.157078,0.156988
11.2200,0.042667,0.163420,0.163267
11.2800,0.058574,0.153061,0.152857
11.3000,0.059007,0.167563,0.167172
11.3400,0.040437,0.149826,0.150152
11.3600,0.051937,0.149826,0.150152
11.3800,0.049610,0.149826,0.150152
11.4000,0.049688,0.168512,0.168547
11.4200,0.051043,0.141446,0.141820
11.4400,0.057589,0.141446,0.141820
11.4800,0.041343,0.155088,0.155400
11.5000,0.050766,0.143346,0.143408
11.5800,0.060370,0.150226,0.150615
11.6200,0.078083,0.151530,0.158369
11.6800,0.054635,0.149953,0.149959
11.7000,0.060142,0.158126,0.158611
11.7200,0.051979,0.158126,0.158611
11.7400,0.064044,0.150387,0.151228
11.7600,0.055991,0.163040,0.163037
11.7800,0.060350,0.158989,0.159438
11.8000,0.053521,0.157089,0.157413
11.8600,0.060851,0.152675,0.152743
11.8800,0.059822,0.154592,0.154544
11.9000,0.044750,0.159184,0.159002
11.9200,0.058730,0.148530,0.148466
11.9600,0.046854,0.160561,0.160457
12.0000,0.048258,0.156226,0.156908
12.0200,0.044023,0.144864,0.144850
12.0400,0.062337,0.144864,0.144850
12.0600,0.042084,0.150055,0.150197
12.0800,0.058287,0.150038,0.150180
12.1000,0.055008,0.150885,0.150878
12.1600,0.064919,0.164429,0.164021
12.1800,0.064538,0.164429,0.164021
12.2200,0.053433,0.163205,0.163143
12.2800,0.075688,0.154675,0.154446
12.3200,0.052943,0.165240,0.164964
12.3400,0.061625,0.152089,0.151679
12.3600,0.054731,0.152089,0.151679
12.3800,0.072565,0.157656,0.157354
12.4400,0.046493,0.153462,0.153475
12.4600,0.046928,0.142977,0.143398
12.5200,0.057170,0.152283,0.152525
12.5800,0.049132,0.145406,0.145818
12.6600,0.071619,0.152679,0.152723
12.6800,0.067858,0.146388,0.146714
12.7000,0.049121,0.146388,0.146714
12.7200,0.057258,0.146743,0.146845
12.7600,0.051449,0.163119,0.162897
12.7800,0.058868,0.159120,0.159201
12.8600,0.044926,0.159533,0.159666
12.9200,0.055936,0.138607,0.138770
12.9400,0.051162,0.149871,0.149770
13.0000,0.056242,0.142865,0.143197
13.0200,0.049549,0.142865,0.143197
13.0600,0.059650,0.163923,0.163531
13.0800,0.057251,0.164757,0.164325
13.1000,0.041349,0.170675,0.170389
13.1200,0.050109,0.165021,0.165140
13.1400,0.049063,0.181326,0.180843
13.1600,0.051862,0.176773,0.176389
13.1800,0.065645,0.155009,0.155115
13.2000,0.059872,0.155009,0.155115
13.2200,0.062174,0.155009,0.155115
13.2600,0.056226,0.171170,0.170982
13.3000,0.041158,0.167300,0.167095
13.3400,0.061804,0.155244,0.155212
13.3600,0.058264,0.155244,0.155212
13.3800,0.060579,0.155244,0.155212
13.4200,0.055064,0.161802,0.161959
13.4400,0.060778,0.161802,0.161959
13.4600,0.053522,0.168967,0.168596
13.4800,0.058121,0.168967,0.168596
13.5000,0.079101,0.163076,0.163132
13.5200,0.056843,0.166661,0.166291
13.5400,0.060107,0.168968,0.168473
13.5600,0.055761,0.162425,0.162461
13.5800,0.069933,0.166002,0.165826
13.6000,0.064158,0.164177,0.164196
13.6800,0.048652,0.182543,0.182157
13.7000,0.044876,0.162531,0.162157
13.7200,0.047005,0.162531,0.162157
13.7400,0.053019,0.162531,0.162157
13.7600,0.047509,0.177045,0.176848
13.8000,0.061613,0.166908,0.166738
13.8200,0.060827,0.170988,0.170643
13.8400,0.064664,0.170400,0.170308
13.9000,0.051697,0.168515,0.168197
13.9200,0.058888,0.168515,0.168197
13.9400,0.054452,0.161354,0.161053
13.9600,0.053814,0.161354,0.161053
13.9800,0.061900,0.161354,0.161053
14.0200,0.055460,0.168391,0.167727
14.0400,0.055030,0.178481,0.177773
14.0800,0.042251,0.178481,0.177773
14.1000,0.049575,0.170829,0.170418
14.1200,0.044785,0.170829,0.170418
14.1400,0.054796,0.182720,0.182312
14.1600,0.044292,0.170747,0.170486
14.1800,0.049441,0.186731,0.186077
14.2000,0.049923,0.175599,0.175267
14.2200,0.046388,0.178798,0.178426
14.2400,0.060985,0.186092,0.185229
14.3000,0.044133,0.175606,0.174991
14.3200,0.058558,0.176110,0.175919
14.3400,0.046957,0.164824,0.164404
14.3600,0.053822,0.178984,0.178315
14.3800,0.044525,0.171755,0.171065
14.4000,0.044816,0.172273,0.171903
14.4200,0.044489,0.175893,0.175462
14.4400,0.055111,0.169730,0.169240
14.4600,0.047612,0.180028,0.179421
14.5200,0.071722,0.169857,0.169282
14.5400,0.067846,0.169857,0.169282
14.5800,0.072176,0.169922,0.169391
14.6000,0.064025,0.159821,0.159441
14.6600,0.080475,0.179125,0.178605
14.6800,0.060100,0.180613,0.179839
14.7000,0.085225,0.174897,0.174328
14.7200,0.077206,0.158093,0.157693
14.7400,0.076630,0.174075,0.173714
14.7800,0.055367,0.166164,0.165842
14.8000,0.067696,0.162113,0.161622
14.8200,0.067195,0.174086,0.173812
14.8400,0.068089,0.169062,0.168969
14.8800,0.064059,0.171714,0.171431
14.9000,0.066935,0.170309,0.169901
14.9200,0.064225,0.170280,0.169863
14.9400,0.056062,0.171276,0.171000
14.9600,0.071970,0.175240,0.174861
14.9800,0.056764,0.165942,0.165968
15.0000,0.063371,0.176388,0.175783
15.0200,0.067035,0.172277,0.171805
15.0600,0.058727,0.159297,0.159347
15.0800,0.075336,0.159297,0.159347
15.1000,0.072780,0.156499,0.156366
15.1600,0.051514,0.162354,0.162319
15.1800,0.058128,0.183631,0.183042
15.2000,0.088633,0.171513,0.171328
15.2200,0.063132,0.171513,0.171328
15.2400,0.071494,0.170049,0.169962
15.2600,0.072539,0.166205,0.166011
15.3200,0.067378,0.186233,0.185776
15.3400,0.069971,0.175722,0.175266
15.3600,0.066070,0.193055,0.192377
15.3800,0.066922,0.192416,0.191601
15.4000,0.083053,0.177672,0.177165
15.4800,0.048495,0.171171,0.171138
15.5200,0.058543,0.159322,0.159748
15.5400,0.050436,0.167079,0.166831
15.5600,0.061949,0.168558,0.168619
15.5800,0.051693,0.164193,0.164529
15.6000,0.063567,0.164193,0.164529
15.6200,0.057993,0.181375,0.180981
15.6800,0.045572,0.181375,0.180981
15.7200,0.059402,0.163231,0.162992
15.7400,0.056515,0.163231,0.162992
15.7600,0.046694,0.192179,0.191576
15.8000,0.081448,0.192179,0.191576
15.8200,0.065883,0.192179,0.191576
15.8400,0.068013,0.171683,0.171326
15.8600,0.056652,0.173282,0.172731
15.9000,0.086985,0.177131,0.176878
15.9400,0.059741,0.158911,0.159053
15.9600,0.073729,0.158911,0.159053
15.9800,0.067136,0.165901,0.165915
16.0000,0.046037,0.161142,0.161519
16.0200,0.053813,0.167800,0.167655
16.0400,0.046703,0.167800,0.167655
16.0600,0.048849,0.153189,0.153418
16.1200,0.060617,0.158835,0.158506
16.1400,0.048772,0.158835,0.158506
16.1600,0.058627,0.184865,0.184139
16.2000,0.049233,0.170133,0.169746
16.2200,0.051276,0.170133,0.169746
16.2600,0.046567,0.172414,0.172059
16.2800,0.060930,0.172414,0.172059
16.3200,0.043443,0.167206,0.166953
16.3800,0.057180,0.173420,0.172967
16.4000,0.046612,0.171362,0.170858
16.4200,0.046810,0.171362,0.170858
16.4400,0.042701,0.181233,0.180479
16.4600,0.044539,0.178167,0.177787
16.4800,0.042879,0.166661,0.166312
16.5000,0.045758,0.166661,0.166312
16.5200,0.042096,0.172951,0.172583
16.5400,0.059913,0.172951,0.172583
16.5600,0.055477,0.150073,0.150143
16.5800,0.047288,0.150073,0.150143
16.6000,0.063463,0.150073,0.150143
16.6400,0.043043,0.165910,0.165565
16.6800,0.055528,0.168697,0.168379
16.7000,0.053523,0.169603,0.168996
16.7200,0.050699,0.169603,0.168996
16.7400,0.064971,0.155728,0.155766
16.7600,0.045371,0.155728,0.155766
16.7800,0.054942,0.168487,0.168098
16.8000,0.056258,0.163272,0.162787
16.8200,0.069681,0.168994,0.168769
16.8600,0.045203,0.171986,0.172265
16.8800,0.047856,0.163914,0.164141
16.9000,0.054779,0.172449,0.171819
16.9200,0.049719,0.170410,0.170352
16.9600,0.056588,0.168278,0.168099
16.9800,0.049270,0.167369,0.167376
17.0200,0.067973,0.170423,0.170248
17.0400,0.060945,0.189177,0.189224
17.0600,0.063804,0.184835,0.184491
17.0800,0.072624,0.184835,0.184491
17.1000,0.046604,0.160505,0.160523
17.1200,0.050797,0.160505,0.160523
17.1400,0.050050,0.162442,0.162891
17.1800,0.063999,0.160221,0.160170
17.2200,0.056631,0.169863,0.169658
17.2400,0.056243,0.171782,0.171699
17.3200,0.039493,0.181126,0.180634
17.3400,0.048707,0.172785,0.172274
17.3600,0.045859,0.172785,0.172274
17.4200,0.056993,0.188377,0.188156
17.4400,0.049223,0.188377,0.168463
17.4600,0.050492,0.168592,0.168463
17.5000,0.043905,0.185370,0.185179
17.5200,0.045704,0.185370,0.185179
17.5800,0.072795,0.191974,0.192139
17.6200,0.055439,0.169546,0.169629
17.6400,0.067236,0.179112,0.178757
17.7000,0.046128,0.169375,0.169099
17.7400,0.057464,0.171159,0.171782
17.8000,0.051614,0.167351,0.166779
17.8200,0.059771,0.170964,0.170728
17.8400,0.051800,0.189430,0.188913
17.8800,0.064154,0.171949,0.171416
17.9000,0.050922,0.176271,0.175853
17.9200,0.061547,0.182620,0.182011
17.9400,0.055847,0.180025,0.179689
18.0200,0.044029,0.167098,0.166507
18.0600,0.052419,0.178169,0.178108
18.0800,0.049365,0.176762,0.176218
18.1600,0.072087,0.176943,0.176543
18.1800,0.046915,0.182444,0.182306
18.2000,0.060211,0.172102,0.172537
18.2200,0.057281,0.177927,0.177786
18.2400,0.043785,0.185001,0.184661
18.2600,0.060251,0.185001,0.184661
18.2800,0.054601,0.184629,0.184003
18.3000,0.051728,0.174922,0.174604
18.3200,0.065507,0.174922,0.174604
18.3400,0.053559,0.183608,0.183084
18.3600,0.059596,0.169762,0.169354
18.3800,0.058621,0.169762,0.169354
18.4000,0.068859,0.182695,0.182060
18.4600,0.053870,0.196577,0.195821
18.4800,0.059574,0.196577,0.195821
18.5000,0.051896,0.174764,0.174324
18.5400,0.066285,0.191618,0.191035
18.5600,0.051989,0.181467,0.181090
18.5800,0.062185,0.166990,0.166614
18.6200,0.053386,0.171693,0.171279
18.6400,0.053773,0.186355,0.185634
18.6600,0.061394,0.186092,0.185634
18.6800,0.059270,0.186092,0.185634
18.7400,0.052703,0.180977,0.180700
18.7600,0.059602,0.173536,0.173252
18.8200,0.049804,0.173781,0.173513
18.8600,0.061301,0.184688,0.184188
18.8800,0.054155,0.170452,0.169963
18.9000,0.062029,0.170452,0.169963
18.9200,0.048252,0.166234,0.165803
18.9400,0.057250,0.176773,0.176096
18.9600,0.047617,0.164791,0.164890
19.0000,0.064754,0.164791,0.164890
19.0200,0.046878,0.171198,0.170848
19.0600,0.069424,0.166246,0.166104
19.1000,0.049326,0.181483,0.180965
19.1400,0.046545,0.169943,0.169395
19.1600,0.060655,0.188373,0.187575
19.1800,0.052999,0.181309,0.180634
19.2200,0.066791,0.171372,0.170775
19.2800,0.042700,0.171027,0.170343
19.3000,0.049123,0.171027,0.170343
19.3200,0.047780,0.190591,0.189932
19.3400,0.041530,0.190591,0.189932
19.3800,0.050245,0.165591,0.165241
19.4000,0.049127,0.165591,0.165241
19.4200,0.070760,0.188101,0.187417
19.4400,0.046657,0.188101,0.187417
19.4600,0.049503,0.179046,0.178525
19.4800,0.060636,0.165633,0.165511
19.5000,0.055654,0.165633,0.165511
19.5200,0.048644,0.179056,0.178618
19.5400,0.055290,0.177329,0.177362
19.5600,0.049446,0.177329,0.177362
19.5800,0.050676,0.159443,0.159305
19.6000,0.059506,0.159443,0.159305
19.6200,0.056442,0.175473,0.174937
19.6400,0.061499,0.170454,0.170268
19.6600,0.059355,0.170454,0.170268
19.6800,0.057528,0.189436,0.188828
19.7000,0.052230,0.172841,0.172193
19.7200,0.061273,0.175828,0.175332
19.7400,0.052231,0.195735,0.194876
19.7600,0.065131,0.179042,0.178380
19.7800,0.061143,0.185702,0.185174
19.8000,0.058084,0.182673,0.182359
19.8200,0.061460,0.170066,0.169413
19.8600,0.047693,0.183538,0.182915
19.8800,0.063285,0.183538,0.182915
19.9000,0.054171,0.172290,0.171592
19.9600,0.068616,0.163887,0.163586
19.9800,0.050319,0.163887,0.163586
20.0000,0.056835,0.197278,0.196339
20.0200,0.057905,0.197278,0.196339
20.0400,0.069137,0.173804,0.173385
20.0600,0.052860,0.177988,0.177510
20.0800,0.061308,0.177988,0.177510
20.1000,0.071765,0.197740,0.197037
20.1200,0.066625,0.197740,0.197037
20.1800,0.052500,0.197055,0.196186
20.2000,0.059767,0.170178,0.169907
20.2200,0.051303,0.170178,0.169907
20.2400,0.054769,0.169060,0.168652
20.2600,0.052126,0.175525,0.175154
20.3200,0.070151,0.161355,0.160801
20.3400,0.063808,0.183183,0.182989
20.4000,0.046974,0.168959,0.168836
20.4400,0.060154,0.171012,0.170372
20.4600,0.048770,0.171012,0.170372
20.4800,0.052608,0.177334,0.177292
20.5000,0.053563,0.177334,0.177292
20.5200,0.050864,0.174332,0.173791
20.5800,0.066255,0.171201,0.171216
20.6000,0.066405,0.171548,0.171235
20.6200,0.069050,0.175811,0.171235
20.6800,0.082121,0.179133,0.178558
20.7200,0.091739,0.174829,0.174612
20.7400,0.089139,0.181035,0.180384
20.7800,0.051239,0.165219,0.164917
20.8000,0.054118,0.165219,0.164917
20.8200,0.066419,0.165219,0.164917
20.8400,0.058763,0.173765,0.173420
20.8600,0.061426,0.169845,0.169254
20.8800,0.046406,0.162160,0.161680
20.9000,0.064688,0.179121,0.178763
20.9200,0.063583,0.179121,0.178763
20.9400,0.052969,0.169866,0.169643
20.9600,0.056724,0.169866,0.169643
20.9800,0.068721,0.189577,0.189230
21.0000,0.050117,0.189577,0.189230
21.0200,0.051021,0.189577,0.189230
21.0400,0.051022,0.189577,0.189230
21.0800,0.056300,0.173086,0.172999
21.1000,0.044251,0.176614,0.176365
21.1200,0.072085,0.187909,0.187042
21.1400,0.061815,0.187909,0.187042
21.1600,0.051935,0.173747,0.173270
21.1800,0.062784,0.173747,0.173270
21.2000,0.059132,0.176603,0.173270
21.2200,0.058545,0.178327,0.177810
21.2600,0.048670,0.174274,0.173797
21.2800,0.049938,0.171658,0.171369
21.3000,0.055595,0.162709,0.162780
21.3400,0.047699,0.177436,0.177516
21.3600,0.055689,0.168844,0.168827
21.3800,0.054281,0.173185,0.172934
21.4000,0.056492,0.173185,0.172934
21.4200,0.052815,0.182759,0.182164
21.4400,0.062538,0.182759,0.182164
21.4600,0.049915,0.179405,0.179207
21.4800,0.057567,0.183807,0.183256
21.5600,0.047535,0.184310,0.184098
21.5800,0.065897,0.181132,0.180574
21.6000,0.063708,0.169916,0.169757
21.6200,0.064368,0.174244,0.174389
21.6800,0.046700,0.183162,0.182608
21.7000,0.045194,0.183162,0.182608
21.7200,0.055346,0.179632,0.179233
21.7400,0.046675,0.181760,0.181585
21.7600,0.052785,0.163235,0.162840
21.7800,0.052053,0.167521,0.167578
21.8000,0.045782,0.174939,0.174552
21.8200,0.049382,0.174939,0.174552
21.8400,0.049312,0.159628,0.159296
21.8600,0.057111,0.159628,0.159296
21.8800,0.056327,0.172527,0.172156
21.9000,0.049037,0.158166,0.158151
21.9200,0.056049,0.162182,0.162624
21.9400,0.051277,0.162182,0.162624
21.9600,0.052276,0.173988,0.173630
21.9800,0.060380,0.173988,0.173630
22.0200,0.049444,0.150212,0.149968
22.0400,0.057943,0.150212,0.149968
22.0800,0.043973,0.161150,0.160670
22.1000,0.049549,0.161150,0.160670
22.1400,0.045319,0.152835,0.152672
22.1800,0.058880,0.163331,0.162861
22.2000,0.055071,0.157565,0.157151
22.2200,0.047636,0.164813,0.164590
22.2400,0.048220,0.161981,0.161490
22.2600,0.048670,0.166332,0.165995
22.2800,0.058775,0.155159,0.155084
22.3000,0.043653,0.172532,0.171862
22.3200,0.048182,0.160055,0.159405
22.3600,0.049918,0.164298,0.160016
22.3800,0.048663,0.163868,0.163955
22.4000,0.053702,0.152815,0.152916
22.4200,0.069014,0.152815,0.152916
22.4400,0.042227,0.175131,0.174791
22.4600,0.054361,0.174507,0.173873
22.4800,0.053189,0.176844,0.176102
22.5200,0.043567,0.170525,0.170503
22.5400,0.043771,0.172408,0.172219
22.5600,0.050816,0.172408,0.172219
22.5800,0.045463,0.162088,0.161726
22.6000,0.049411,0.162088,0.161726
22.6200,0.045196,0.161522,0.161484
22.6400,0.053754,0.163662,0.163395
22.6600,0.086593,0.171036,0.170763
22.6800,0.086499,0.171036,0.170763
22.7000,0.093587,0.157089,0.157138
22.7200,0.093195,0.157089,0.157138
22.7400,0.067426,0.170603,0.170454
22.7800,0.098401,0.154998,0.155001
22.8400,0.079641,0.158938,0.159339
22.8600,0.089129,0.161104,0.161137
22.8800,0.073786,0.168247,0.168307
22.9000,0.100789,0.165644,0.165730
22.9200,0.075045,0.162256,0.161772
22.9400,0.098690,0.176272,0.176079
22.9600,0.096806,0.170791,0.170690
22.9800,0.086020,0.170791,0.170690
23.0000,0.106717,0.160930,0.160995
23.0200,0.080891,0.160930,0.160995
23.0400,0.109093,0.176796,0.176305
23.0600,0.082666,0.176796,0.176305
23.0800,0.104399,0.159517,0.159641
23.1200,0.078493,0.166463,0.166464
23.1800,0.131829,0.169992,0.170093
23.2000,0.126686,0.157061,0.157623
23.2600,0.144938,0.168892,0.169088
23.2800,0.134534,0.168892,0.169088
23.3200,0.148066,0.163067,0.163154
23.3400,0.123849,0.163067,0.163154
23.3600,0.131068,0.165218,0.165400
23.4000,0.144601,0.161958,0.162628
23.4200,0.133030,0.163500,0.164023
23.4400,0.140906,0.157886,0.158170
23.4800,0.131540,0.152834,0.153321
23.5000,0.128351,0.163504,0.164211
23.5200,0.119909,0.158314,0.159278
23.5600,0.132305,0.146645,0.147417
23.5800,0.125627,0.146645,0.147417
23.6400,0.148207,0.164236,0.164701
23.6600,0.135620,0.162255,0.162835
23.6800,0.139302,0.167423,0.168045
23.7200,0.149006,0.163155,0.163551
23.7400,0.125727,0.161940,0.162808
23.7600,0.143296,0.151952,0.153261
23.7800,0.136095,0.151952,0.153261
23.8000,0.134190,0.155292,0.156360
23.8200,0.136610,0.152804,0.154094
23.8400,0.135183,0.152804,0.154094
23.8600,0.150423,0.161338,0.162029
23.8800,0.137792,0.158714,0.160328
23.9000,0.142175,0.147728,0.149086
23.9400,0.131950,0.158285,0.159249
23.9600,0.143172,0.153192,0.154548
23.9800,0.141096,0.170245,0.170874
24.0400,0.123014,0.159378,0.160394
24.0800,0.144781,0.159378,0.160394
24.1400,0.130606,0.177725,0.178228
24.1800,0.143595,0.163878,0.165389
24.2000,0.128843,0.163878,0.165389
24.2200,0.129118,0.193009,0.193500
24.2800,0.144393,0.182079,0.183279
24.3600,0.125232,0.173188,0.173744
24.4000,0.125408,0.185488,0.186123
24.4200,0.142201,0.176100,0.176932
24.4400,0.133872,0.176100,0.176932
24.4600,0.137753,0.189787,0.190294
24.4800,0.127411,0.189787,0.190294
24.5000,0.130006,0.176658,0.176974
24.5800,0.152958,0.165699,0.166848
24.6200,0.123202,0.166351,0.167095
24.6400,0.144608,0.184238,0.184307
24.6600,0.128293,0.184238,0.184307
24.6800,0.135412,0.160068,0.161217
24.7000,0.130069,0.160068,0.161217
24.7200,0.144033,0.169276,0.170365
24.7400,0.136153,0.145892,0.147328
24.8200,0.146183,0.163953,0.164786
24.8600,0.152859,0.155178,0.156308
24.8800,0.148179,0.155178,0.156308
24.9000,0.150481,0.169840,0.170765
24.9200,0.152777,0.163255,0.163790
24.9600,0.141099,0.157353,0.158100
24.9800,0.151746,0.157353,0.158100
25.0000,0.147682,0.146499,0.148076
25.0400,0.156678,0.155024,0.156135
25.0600,0.141559,0.152862,0.153633
25.0800,0.157102,0.152862,0.153633
25.1000,0.146027,0.169281,0.170348
25.1200,0.155488,0.169281,0.170348
25.1400,0.142778,0.159545,0.160939
25.1600,0.147316,0.164968,0.165415
25.2200,0.135309,0.151705,0.152472
25.2400,0.157879,0.157770,0.159172
25.2600,0.149526,0.146220,0.147443
25.3200,0.137587,0.153226,0.154024
25.3600,0.148154,0.149145,0.150386
25.3800,0.138391,0.149145,0.150386
25.4000,0.151435,0.154861,0.155985
25.4200,0.145524,0.154861,0.155985
25.4800,0.127105,0.162257,0.163176
25.5400,0.143682,0.165573,0.165903
25.5600,0.143709,0.152944,0.154119
25.5800,0.136002,0.152944,0.154119
25.6200,0.145055,0.150156,0.151312
25.6400,0.144893,0.155883,0.156648
25.7000,0.130172,0.168772,0.169530
25.7200,0.129970,0.147353,0.149018
25.7600,0.137114,0.147353,0.149018
25.7800,0.133156,0.164434,0.165062
25.8000,0.135661,0.164434,0.165062
25.8400,0.123011,0.158323,0.159240
25.8600,0.127262,0.166616,0.167381
25.8800,0.143652,0.166616,0.167381
25.9000,0.118159,0.146484,0.147634
25.9400,0.137950,0.146484,0.147634
25.9800,0.143737,0.162672,0.163622
26.0200,0.139884,0.159042,0.159489
26.0400,0.144851,0.159260,0.160261
26.0800,0.131313,0.148823,0.149353
26.1000,0.128955,0.149995,0.151625
26.1200,0.131340,0.165852,0.166403
26.1400,0.129517,0.153214,0.153828
26.1600,0.132248,0.161633,0.162854
26.2000,0.113531,0.154028,0.155132
26.2200,0.134640,0.164693,0.168338
26.2400,0.130201,0.164693,0.168338
26.3000,0.139934,0.167178,0.168338
26.3400,0.118203,0.145133,0.146771
26.3800,0.142085,0.145133,0.146771
26.4000,0.138078,0.145133,0.146771
26.4200,0.141802,0.163706,0.164999
26.4400,0.133410,0.163706,0.164999
26.4600,0.141402,0.146231,0.147631
26.4800,0.134870,0.159983,0.160872
26.5000,0.141109,0.159983,0.160872
26.5200,0.135969,0.158003,0.159388
26.5400,0.144963,0.158003,0.159388
26.5600,0.137366,0.158003,0.159388
26.5800,0.142554,0.172333,0.172849
26.6000,0.131566,0.164602,0.166050
26.6400,0.148169,0.165955,0.166924
26.6600,0.136742,0.157487,0.158659
26.6800,0.149769,0.161741,0.162648
26.7000,0.128230,0.161741,0.160803
26.7200,0.144085,0.154779,0.155875
26.7400,0.143849,0.155818,0.156762
26.7600,0.149575,0.155818,0.156979
26.7800,0.137884,0.165084,0.165390
26.8000,0.141367,0.165084,0.165390
26.8200,0.136057,0.164540,0.165330
26.8400,0.140621,0.168982,0.169402
26.8600,0.129529,0.165400,0.166345
26.8800,0.134246,0.168817,0.169522
26.9000,0.135706,0.158594,0.159277
26.9200,0.148114,0.158594,0.159277
26.9400,0.141618,0.176109,0.176787
26.9600,0.139599,0.168727,0.169166
26.9800,0.149253,0.171080,0.172452
27.0000,0.138688,0.162431,0.163335
27.0200,0.140447,0.162431,0.168886
27.0400,0.144171,0.182837,0.183340
27.0600,0.139913,0.157553,0.158666
27.0800,0.140895,0.169822,0.170558
27.1000,0.143641,0.177083,0.177482
27.1400,0.133033,0.177400,0.177964
27.1600,0.141097,0.183354,0.183664
27.1800,0.137694,0.183354,0.183664
27.2000,0.138445,0.168412,0.168642
27.2200,0.135438,0.168412,0.168642
27.2600,0.150725,0.165813,0.166955
27.2800,0.139616,0.177754,0.178171
27.3000,0.141764,0.170858,0.171528
27.3200,0.143472,0.169193,0.169821
27.3400,0.143054,0.160736,0.161521
27.3600,0.128836,0.160736,0.161521
27.4000,0.143034,0.185184,0.185859
27.4200,0.136199,0.160975,0.161960
27.4600,0.143869,0.162186,0.162747
27.4800,0.134689,0.162186,0.162747
27.5000,0.142262,0.157479,0.158159
27.5200,0.141956,0.157479,0.158159
27.5400,0.142687,0.174241,0.174662
27.5600,0.142286,0.174241,0.174662
27.5800,0.142262,0.174241,0.174662
27.6000,0.146224,0.158926,0.160117
27.6200,0.128387,0.158926,0.160117
27.6400,0.147220,0.163262,0.164426
27.6600,0.146881,0.171433,0.172049
27.6800,0.142389,0.167425,0.168007
27.7000,0.152524,0.163157,0.164185
27.7600,0.135369,0.156945,0.157848
27.8000,0.148007,0.172136,0.173237
27.8200,0.130732,0.161219,0.162464
27.8400,0.133498,0.165871,0.166666
27.8800,0.145715,0.146263,0.147927
27.9000,0.141449,0.162328,0.163515
27.9200,0.143240,0.162328,0.163515
27.9400,0.135371,0.155897,0.157264
27.9600,0.135866,0.166523,0.167703
27.9800,0.135137,0.163117,0.164306
28.0000,0.145836,0.162610,0.163887
28.0200,0.143605,0.160538,0.161905
28.0600,0.139826,0.169485,0.170753
28.1000,0.141250,0.157456,0.158998
28.1200,0.139249,0.157456,0.158998
28.1400,0.147625,0.174112,0.174792
28.1600,0.143442,0.174112,0.174792
28.1800,0.146105,0.182012,0.182216
28.2000,0.134629,0.177536,0.178056
28.2600,0.152235,0.157358,0.158483
28.3200,0.132287,0.158980,0.160738
28.3400,0.132425,0.159870,0.161854
28.3600,0.126404,0.173104,0.174180
28.3800,0.139505,0.164218,0.165478
28.4000,0.130172,0.167732,0.168578
28.4400,0.141974,0.162927,0.164151
28.4600,0.138196,0.162927,0.164151
28.4800,0.144774,0.176211,0.177375
28.5000,0.141360,0.176211,0.177375
28.5200,0.131715,0.155402,0.157072
28.5400,0.142885,0.180272,0.181087
28.5600,0.134785,0.180272,0.181087
28.5800,0.139099,0.161488,0.162607
28.6000,0.141829,0.157468,0.158116
28.6400,0.133089,0.158225,0.158975
28.6600,0.135741,0.163636,0.164510
28.6800,0.133611,0.155183,0.156225
28.7000,0.139590,0.155183,0.156225
28.7200,0.137808,0.165086,0.166443
28.7800,0.128393,0.152218,0.153240
28.8200,0.135146,0.163963,0.164881
28.8600,0.129694,0.153798,0.154617
28.8800,0.138948,0.173524,0.174210
28.9000,0.129811,0.166056,0.167200
28.9200,0.132135,0.168034,0.168264
28.9600,0.142981,0.173788,0.174336
28.9800,0.132199,0.173788,0.174336
29.0000,0.138074,0.173788,0.174336
29.0200,0.137337,0.158503,0.159229
29.0400,0.131318,0.158503,0.159229
29.0600,0.134525,0.167896,0.168071
29.0800,0.135917,0.161027,0.161617
29.1000,0.130957,0.179278,0.179687
29.1200,0.140958,0.169938,0.170510
29.1400,0.139710,0.166576,0.167579
29.1600,0.140446,0.171101,0.171758
29.2200,0.131384,0.164213,0.165064
29.2600,0.150279,0.183914,0.184256
29.3000,0.134865,0.178183,0.178537
29.3200,0.141858,0.180204,0.178537
29.3400,0.139783,0.180097,0.180553
29.3600,0.134796,0.179567,0.179797
29.3800,0.148747,0.183051,0.183361
29.4000,0.145979,0.175708,0.176447
29.4200,0.136599,0.177540,0.177975
29.4400,0.140430,0.175200,0.175636
29.5000,0.151434,0.170095,0.171595
29.5200,0.145302,0.170095,0.171595
29.5400,0.152498,0.191154,0.191514
29.6000,0.136740,0.175721,0.176188
29.6200,0.147806,0.183315,0.184119
29.6400,0.129007,0.170691,0.171708
29.6600,0.137301,0.170691,0.171708
29.6800,0.143401,0.170691,0.171708
29.7000,0.130840,0.174812,0.175017
29.7200,0.143474,0.186925,0.187136
29.7400,0.137513,0.160188,0.161013
29.7600,0.146347,0.175991,0.176339
29.7800,0.144327,0.177074,0.177448
29.8000,0.135602,0.170651,0.170925
29.8200,0.145371,0.180343,0.180577
29.8600,0.128290,0.179092,0.178940
29.8800,0.130744,0.174076,0.174030
29.9200,0.121826,0.178846,0.178724
29.9600,0.129940,0.163704,0.164191
29.9800,0.127757,0.163704,0.164191
30.0200,0.161396,0.174133,0.174577
30.0600,0.130867,0.160098,0.161229
30.0800,0.140287,0.159479,0.159794
30.1000,0.133366,0.171313,0.172092
30.1200,0.146079,0.171313,0.172092
30.1400,0.138654,0.168341,0.169285
30.1600,0.130052,0.161340,0.162338
30.1800,0.141920,0.161340,0.162338
30.2000,0.140815,0.164947,0.165494
30.2200,0.140044,0.160822,0.161528
30.2400,0.137806,0.165387,0.165872
30.2600,0.147072,0.165387,0.165872
30.2800,0.134660,0.149204,0.150593
30.3000,0.150216,0.149204,0.150593
30.3600,0.127888,0.151847,0.153154
30.4000,0.143628,0.167272,0.168082
30.4200,0.143598,0.163753,0.164575
30.4600,0.136561,0.163854,0.164892
30.4800,0.136919,0.147969,0.149756
30.5000,0.137717,0.150333,0.152554
30.5200,0.128823,0.167009,0.167710
30.5600,0.149885,0.154939,0.156194
30.5800,0.138455,0.160106,0.160961
30.6000,0.153097,0.155615,0.156423
30.6200,0.143264,0.188372,0.188748
30.6400,0.143937,0.188372,0.188748
30.6600,0.155402,0.175745,0.176960
30.7000,0.134308,0.159284,0.160026
30.7200,0.143273,0.174575,0.175090
30.7400,0.131000,0.174575,0.175090
30.7600,0.138066,0.156547,0.157725
30.7800,0.143342,0.153848,0.154796
30.8000,0.134394,0.153848,0.154796
30.8200,0.148613,0.174084,0.174830
30.8400,0.140663,0.174084,0.174830
30.8600,0.139895,0.174084,0.174830
30.8800,0.142627,0.167363,0.168277
30.9000,0.135140,0.177905,0.178409
30.9200,0.146219,0.171440,0.172445
30.9400,0.140823,0.164397,0.165654
30.9600,0.139423,0.165041,0.165686
30.9800,0.142493,0.162357,0.163389
31.0000,0.141358,0.154256,0.155035
31.0200,0.168058,0.162165,0.163226
31.0400,0.138135,0.154460,0.155866
31.0600,0.142173,0.171704,0.172261
31.0800,0.132638,0.169269,0.169945
31.1000,0.160141,0.169269,0.169945
31.1400,0.135420,0.153942,0.154832
31.1600,0.140261,0.165337,0.166753
31.1800,0.137494,0.165337,0.166753
31.2000,0.137154,0.157723,0.158736
31.2400,0.126492,0.162790,0.163647
31.2600,0.128127,0.162790,0.163647
31.3000,0.148876,0.163977,0.173186
31.3200,0.130862,0.169620,0.152374
31.3400,0.140740,0.169620,0.152374
31.3600,0.156038,0.150874,0.152374
31.3800,0.141828,0.169166,0.169942
31.4000,0.145532,0.169166,0.169942
31.4600,0.161038,0.169434,0.170671
31.5000,0.136919,0.149365,0.150497
31.5200,0.148729,0.163003,0.163992
31.5400,0.144809,0.155124,0.156542
31.5600,0.148400,0.156478,0.157698
31.6000,0.135627,0.153772,0.154346
31.6200,0.145254,0.153772,0.154346
31.6600,0.128900,0.167873,0.168683
31.7000,0.138417,0.163804,0.164715
31.7200,0.139446,0.163864,0.164850
31.7400,0.130854,0.176302,0.177333
31.7600,0.147996,0.176302,0.177333
31.7800,0.130046,0.156756,0.157188
31.8000,0.154379,0.163940,0.165231
31.8200,0.134422,0.163832,0.164767
31.8400,0.139194,0.174943,0.175394
31.8800,0.147243,0.169713,0.170452
31.9000,0.138216,0.178131,0.179063
31.9200,0.158904,0.178131,0.179063
31.9400,0.142147,0.175697,0.176314
31.9600,0.146598,0.177592,0.177981
31.9800,0.139278,0.177391,0.178400
32.0200,0.152520,0.166945,0.167972
32.0400,0.143096,0.176799,0.176932
32.0600,0.145710,0.176799,0.176932
32.0800,0.144671,0.176799,0.176932
32.1000,0.145126,0.164519,0.165606
32.1400,0.136449,0.168917,0.169528
32.1600,0.138225,0.168917,0.169528
32.1800,0.125550,0.178376,0.178590
32.2400,0.166280,0.155066,0.156063
32.2600,0.161893,0.155066,0.156063
32.2800,0.150307,0.155066,0.156063
32.3000,0.158853,0.170064,0.170255
32.3200,0.143500,0.170064,0.170255
32.3400,0.160212,0.155644,0.156388
32.3600,0.155583,0.165905,0.166097
32.3800,0.155133,0.161760,0.162114
32.4000,0.151851,0.165852,0.166267
32.4200,0.153342,0.164039,0.164269
32.4600,0.159339,0.170188,0.170609
32.4800,0.150252,0.169644,0.169835
32.5000,0.166614,0.160331,0.161025
32.5400,0.147770,0.177266,0.177797
32.5800,0.163599,0.166939,0.167329
32.6000,0.161748,0.177826,0.178364
32.6200,0.160962,0.160598,0.161480
32.6400,0.164903,0.160598,0.161480
32.7000,0.148964,0.172398,0.172791
32.7200,0.152967,0.170121,0.170348
32.7400,0.154880,0.171534,0.172132
32.7800,0.145358,0.176468,0.176844
32.8000,0.155122,0.180327,0.181157
32.8200,0.149254,0.194807,0.194801
32.8400,0.149707,0.177150,0.177577
32.8600,0.156283,0.182115,0.182447
32.9000,0.151568,0.172784,0.173718
32.9200,0.152340,0.172784,0.173718
32.9400,0.166583,0.177919,0.178423
32.9600,0.165220,0.177919,0.178423
32.9800,0.171305,0.174970,0.175636
33.0000,0.161880,0.188508,0.188515
33.0200,0.162470,0.181507,0.181618
33.0400,0.160492,0.181507,0.181618
33.0600,0.151182,0.172898,0.173279
33.0800,0.162052,0.183287,0.183436
33.1000,0.158729,0.183287,0.183436
33.1200,0.163335,0.183287,0.183436
33.1800,0.158872,0.177947,0.178494
33.2000,0.180184,0.170693,0.171343
33.2200,0.177007,0.174400,0.174716
33.2400,0.154900,0.174400,0.174716
33.2600,0.171375,0.185948,0.185916
33.2800,0.144475,0.158466,0.158940
33.3000,0.155969,0.158466,0.158940
33.3200,0.159933,0.173249,0.173331
33.3400,0.146650,0.169970,0.170383
33.4000,0.173836,0.165355,0.165871
33.4200,0.144890,0.161401,0.161613
33.4400,0.147075,0.161401,0.161613
33.4600,0.165334,0.170097,0.161613
33.4800,0.150167,0.170097,0.161613
33.5000,0.157729,0.180288,0.181242
33.5200,0.162427,0.175906,0.181242
33.5400,0.150254,0.180919,0.181242
33.5800,0.169920,0.180522,0.180986
33.6600,0.152365,0.181611,0.181811
33.6800,0.153682,0.164805,0.165859
33.7000,0.152015,0.174260,0.174859
33.7200,0.171596,0.174260,0.174859
33.7400,0.170738,0.177859,0.178420
33.7800,0.158896,0.166923,0.167276
33.8000,0.170338,0.166923,0.167276
33.8400,0.151130,0.168196,0.168414
33.8600,0.154119,0.174610,0.174627
33.8800,0.154688,0.171478,0.171588
33.9000,0.151179,0.171068,0.171182
33.9400,0.172336,0.165125,0.165341
33.9800,0.144846,0.183654,0.183800
34.0400,0.170705,0.169812,0.169912
34.0600,0.160364,0.182727,0.182721
34.0800,0.167610,0.182727,0.182721
34.1000,0.160830,0.173662,0.173834
34.1200,0.166658,0.178839,0.179040
34.1400,0.151094,0.170453,0.170658
34.1600,0.160296,0.172423,0.172580
34.1800,0.162862,0.174575,0.174789
34.2000,0.189259,0.182582,0.183192
34.2600,0.151016,0.183177,0.182982
34.2800,0.160390,0.176989,0.177059
34.3000,0.158501,0.166464,0.166834
34.3200,0.151370,0.166464,0.166834
34.3400,0.166045,0.166464,0.166834
34.3600,0.165860,0.185535,0.185455
34.3800,0.152038,0.185535,0.185455
34.4400,0.180963,0.197561,0.197576
34.4800,0.151166,0.197561,0.197576
34.5000,0.167189,0.175524,0.175758
34.5200,0.142132,0.175524,0.175758
34.5400,0.149418,0.177644,0.177961
34.5600,0.147537,0.185970,0.186095
34.6800,0.181918,0.179259,0.179842
34.7400,0.144674,0.179072,0.179358
34.7600,0.165797,0.179072,0.179358
34.7800,0.162231,0.191210,0.191377
34.8000,0.166815,0.191210,0.191377
34.8200,0.164999,0.191210,0.191377
34.8400,0.186266,0.184192,0.185056
34.8800,0.155101,0.190867,0.190852
34.9000,0.165921,0.173474,0.173677
34.9200,0.153968,0.183514,0.183423
34.9800,0.180228,0.159149,0.159827
35.0200,0.161010,0.187060,0.187359
35.0600,0.170254,0.187401,0.187873
35.0800,0.142721,0.176811,0.176913
35.1000,0.149674,0.181974,0.181975
35.1400,0.163504,0.167707,0.168340
35.1600,0.150567,0.167707,0.168340
35.1800,0.177166,0.185897,0.185907
35.2000,0.172128,0.185897,0.185907
35.2200,0.146261,0.185897,0.185907
35.2400,0.172786,0.182131,0.182336
35.2600,0.152762,0.186771,0.186779
35.2800,0.162261,0.175644,0.175975
35.3000,0.179349,0.175644,0.175975
35.3200,0.170127,0.180845,0.181006
35.3600,0.151158,0.182197,0.182343
35.3800,0.168362,0.182197,0.182343
35.4000,0.158039,0.182197,0.182343
35.4200,0.163430,0.170811,0.170993
35.4400,0.150034,0.170811,0.170993
35.4600,0.157411,0.179115,0.179317
35.4800,0.160940,0.179115,0.179317
35.5000,0.149433,0.177603,0.177932
35.5200,0.155261,0.162212,0.162730
35.5600,0.181635,0.162212,0.162730
35.5800,0.178147,0.162212,0.162730
35.6000,0.156395,0.181511,0.182145
35.6200,0.177823,0.181511,0.182145
35.6400,0.168437,0.181511,0.182145
35.6600,0.181793,0.181511,0.182145
35.7000,0.148728,0.173776,0.174109
35.7800,0.158171,0.166534,0.167046
35.8000,0.155801,0.168935,0.169588
35.8600,0.135922,0.165902,0.166069
35.8800,0.158876,0.171901,0.172245
35.9000,0.145034,0.171901,0.172245
35.9200,0.143237,0.171901,0.172245
35.9400,0.144366,0.175917,0.175767
35.9600,0.131808,0.175917,0.175767
35.9800,0.138919,0.168381,0.168694
36.0000,0.173118,0.173967,0.174132
36.0200,0.147103,0.172156,0.172243
36.0400,0.153494,0.156611,0.157138
36.0600,0.153849,0.176163,0.176395
36.0800,0.176524,0.168028,0.168814
36.1000,0.174175,0.167322,0.167908
36.1200,0.163483,0.168767,0.169201
36.1400,0.163561,0.177648,0.177902
36.1600,0.117355,0.160957,0.161033
36.2000,0.162218,0.175821,0.175903
36.2400,0.148207,0.175963,0.176154
36.2600,0.158507,0.175963,0.176154
36.2800,0.154427,0.161652,0.162140
36.3000,0.158565,0.161652,0.162140
36.3200,0.178496,0.161652,0.162140
36.3600,0.151294,0.167734,0.167873
36.4000,0.165562,0.175773,0.176275
36.4200,0.160823,0.166385,0.166672
36.4400,0.155530,0.179378,0.172576
36.4600,0.161333,0.179378,0.179490
36.5000,0.150413,0.161405,0.162015
36.5200,0.167874,0.161405,0.162015
36.5600,0.140846,0.171009,0.171156
36.5800,0.146716,0.171009,0.171156
36.6000,0.146423,0.182710,0.183197
36.6200,0.126459,0.182710,0.183197
36.6400,0.136870,0.162612,0.163096
36.7000,0.151138,0.181515,0.181629
36.7200,0.139495,0.166885,0.167331
36.7400,0.139916,0.183149,0.182927
36.7600,0.141345,0.183149,0.182927
36.7800,0.152438,0.183149,0.182927
36.8000,0.145174,0.175497,0.176081
36.8400,0.167450,0.176928,0.177355
36.9000,0.135985,0.189512,0.189171
36.9200,0.134658,0.183399,0.183135
36.9400,0.153970,0.183399,0.183135
36.9600,0.138053,0.170735,0.171368
37.0000,0.152954,0.176347,0.176649
37.0400,0.135591,0.185388,0.185184
37.0600,0.154482,0.176321,0.176613
37.0800,0.138095,0.181045,0.180991
37.1000,0.140128,0.173997,0.174059
37.1600,0.157292,0.160977,0.161519
37.1800,0.153749,0.160977,0.161519
37.2000,0.174252,0.175272,0.175466
37.2200,0.163304,0.176803,0.177105
37.2800,0.182730,0.182231,0.182604
37.3400,0.161144,0.178381,0.178900
37.3600,0.148282,0.178381,0.178900
37.4200,0.198124,0.180881,0.181232
37.4400,0.159497,0.181074,0.181061
37.4600,0.160876,0.171356,0.171730
37.4800,0.149359,0.177831,0.177918
37.5200,0.184344,0.179368,0.179685
37.5400,0.161306,0.178981,0.179029
37.5800,0.197079,0.167286,0.167816
37.6200,0.178984,0.185795,0.186196
37.6400,0.206330,0.185795,0.186196
37.6600,0.201328,0.172019,0.172398
37.6800,0.184198,0.172019,0.172398
37.7000,0.208423,0.178839,0.179324
37.7200,0.171107,0.172714,0.173040
37.7400,0.182236,0.173597,0.173855
37.7800,0.198954,0.180646,0.181165
37.8000,0.196229,0.165902,0.166536
37.8200,0.200508,0.165902,0.166536
37.8800,0.158418,0.169552,0.169756
37.9000,0.159682,0.169552,0.169756
37.9200,0.176224,0.173909,0.174070
37.9600,0.151238,0.169114,0.169093
37.9800,0.163911,0.169176,0.169543
38.0000,0.160490,0.181242,0.181470
38.0600,0.155525,0.178999,0.179302
38.0800,0.155913,0.165638,0.166319
38.1000,0.153525,0.182353,0.182475
38.1400,0.177479,0.173469,0.173894
38.1600,0.162042,0.173469,0.173894
38.1800,0.163232,0.183132,0.183498
38.2000,0.160983,0.179710,0.180143
38.2200,0.143244,0.181568,0.181960
38.2400,0.152700,0.181119,0.181627
38.2600,0.153372,0.181346,0.181627
38.2800,0.143264,0.182735,0.183082
38.3000,0.146272,0.174324,0.174693
38.3200,0.141551,0.174324,0.174693
38.3600,0.146888,0.180900,0.177586
38.3800,0.134079,0.174369,0.175078
38.4000,0.141886,0.177008,0.177221
38.4200,0.154926,0.174536,0.175040
38.4400,0.140853,0.179861,0.180074
38.4800,0.162222,0.175439,0.176096
38.5000,0.137533,0.179951,0.180667
38.5200,0.161449,0.179951,0.180667
38.5400,0.150371,0.169234,0.169797
38.5600,0.154312,0.169234,0.171387
38.5800,0.151492,0.175267,0.183299
38.6000,0.155070,0.182949,0.183299
38.6200,0.150002,0.182949,0.177947
38.6400,0.131404,0.171646,0.171837
38.6600,0.169196,0.173509,0.173779
38.6800,0.146243,0.188128,0.188233
38.7000,0.156954,0.172658,0.173720
38.7200,0.156181,0.182981,0.183380
38.7800,0.140742,0.158627,0.159893
38.8000,0.140819,0.158627,0.159893
38.8200,0.149611,0.158627,0.159893
38.8400,0.148307,0.178804,0.179748
38.8600,0.144701,0.178804,0.179748
38.8800,0.157026,0.179046,0.179921
38.9000,0.152834,0.178537,0.179125
38.9600,0.140355,0.175157,0.175965
38.9800,0.146871,0.175157,0.175965
39.0000,0.145195,0.174336,0.174796
39.0200,0.140697,0.174336,0.174796
39.0400,0.147505,0.178790,0.179356
39.0600,0.138991,0.178790,0.179356
39.0800,0.144567,0.159991,0.161113
39.1000,0.144002,0.168614,0.169386
39.1200,0.145420,0.155115,0.156372
39.1400,0.135943,0.156966,0.158006
39.1600,0.140034,0.156966,0.158006
39.2000,0.153696,0.167571,0.168612
39.2200,0.139252,0.160566,0.161913
39.2400,0.142235,0.160566,0.161913
39.2600,0.146763,0.171743,0.172433
39.2800,0.144940,0.171743,0.172433
39.3000,0.145022,0.165316,0.166229
39.3400,0.161638,0.165316,0.166229
39.4400,0.139246,0.166501,0.166732
39.4600,0.139750,0.166501,0.166732
39.4800,0.154957,0.166501,0.176035
39.5000,0.148870,0.176872,0.176035
39.5200,0.158637,0.176872,0.177471
39.5600,0.148403,0.168822,0.169871
39.6400,0.145835,0.166335,0.167089
39.6600,0.147550,0.170783,0.171935
39.6800,0.143637,0.170783,0.171935
39.7000,0.153013,0.165154,0.171935
39.7200,0.139001,0.165507,0.166086
39.7400,0.165281,0.163789,0.165205
39.7600,0.159575,0.176898,0.177302
39.8000,0.139220,0.160105,0.161135
39.8200,0.152698,0.171705,0.172619
39.8400,0.152279,0.161215,0.162061
39.8600,0.146474,0.170170,0.171126
39.9400,0.168466,0.172424,0.173093
39.9600,0.161115,0.161798,0.162372
40.0000,0.169671,0.166050,0.167049
40.0200,0.155986,0.166353,0.167016
40.0400,0.161507,0.172262,0.173343
40.0600,0.176949,0.165721,0.166518
40.0800,0.162095,0.168915,0.169759
40.1000,0.167272,0.168915,0.169759
40.1400,0.177888,0.163753,0.164778
40.1600,0.171745,0.163753,0.164778
40.1800,0.178607,0.174414,0.174795
40.2000,0.169476,0.168567,0.169096
40.2200,0.192180,0.171847,0.172380
40.2600,0.173071,0.176529,0.177233
40.3000,0.187626,0.177634,0.178078
40.3200,0.183280,0.175703,0.176397
40.3600,0.147416,0.169060,0.169076
40.3800,0.194759,0.164167,0.165132
40.4000,0.175724,0.167918,0.168452
40.4400,0.163791,0.160051,0.160758
40.4600,0.173544,0.176310,0.176803
40.5000,0.145197,0.174057,0.165344
40.5400,0.172585,0.170928,0.171290
40.5600,0.168447,0.170928,0.171290
40.5800,0.156277,0.169228,0.169644
40.6000,0.157143,0.183904,0.183815
40.6200,0.151747,0.179216,0.179075
40.6400,0.118053,0.176418,0.176194
40.6800,0.172364,0.172839,0.167809
40.7000,0.149086,0.172839,0.179430
40.7200,0.142201,0.179474,0.179430
40.7400,0.164781,0.168449,0.168648
40.7800,0.138798,0.165281,0.165159
40.8000,0.161341,0.167241,0.167481
40.8200,0.158697,0.167241,0.167481
40.8400,0.160424,0.177479,0.177900
40.8600,0.151816,0.169505,0.169853
40.8800,0.152747,0.172676,0.172859
40.9200,0.141970,0.175256,0.175617
40.9600,0.157292,0.175442,0.175931
40.9800,0.149568,0.166068,0.166594
41.0000,0.154387,0.167909,0.168623
41.0200,0.151269,0.167909,0.168623
41.0400,0.152914,0.176366,0.176982
41.0600,0.155210,0.170758,0.171203
41.1000,0.130977,0.171268,0.171796
41.1600,0.145800,0.173902,0.174001
41.2000,0.127424,0.168075,0.167849
41.2200,0.141537,0.172519,0.172522
41.2400,0.133821,0.174530,0.174497
41.3000,0.115961,0.192888,0.192965
41.3400,0.162211,0.192888,0.177171
41.3800,0.160057,0.173294,0.182242
41.4200,0.143990,0.173294,0.173427
41.4400,0.143928,0.178296,0.178382
41.4600,0.144827,0.177339,0.177541
41.4800,0.136256,0.177029,0.176899
41.5000,0.137122,0.186102,0.185715
41.5200,0.133577,0.172953,0.172745
41.5400,0.142412,0.174675,0.174624
41.5600,0.141200,0.180218,0.180054
41.5800,0.140157,0.179266,0.179158
41.6400,0.156727,0.180810,0.180900
41.6600,0.137483,0.180810,0.180900
41.6800,0.161739,0.162357,0.162621
41.7000,0.143719,0.162357,0.162621
41.7400,0.159780,0.174584,0.174837
41.7600,0.142179,0.171284,0.171347
41.8000,0.175173,0.161295,0.161756
41.8600,0.139432,0.177645,0.177657
41.8800,0.155877,0.173157,0.173250
41.9000,0.153255,0.168863,0.168933
41.9200,0.152381,0.170513,0.170703
41.9400,0.142221,0.181776,0.181650
41.9600,0.147488,0.170112,0.170388
41.9800,0.141135,0.173611,0.173936
42.0400,0.152092,0.169088,0.169255
42.0800,0.148095,0.176902,0.177038
42.1000,0.161497,0.184975,0.184914
42.1200,0.154088,0.184975,0.184914
42.1600,0.141338,0.174977,0.175058
42.1800,0.162146,0.174977,0.175058
42.2000,0.156995,0.174977,0.175058
42.2200,0.158394,0.174977,0.175058
42.2400,0.139134,0.177811,0.177567
42.2600,0.145989,0.168889,0.168894
42.2800,0.157643,0.179417,0.179360
42.3000,0.151896,0.173362,0.173654
42.3200,0.124896,0.169317,0.169793
42.3400,0.145542,0.177690,0.177697
42.3600,0.115321,0.171145,0.171458
42.3800,0.141885,0.171145,0.171458
42.4000,0.129523,0.184637,0.185292
42.4200,0.131695,0.184637,0.185292
42.4400,0.138438,0.184637,0.185292
42.4600,0.131396,0.176716,0.176782
42.5200,0.146961,0.176639,0.177068
42.5600,0.132969,0.184196,0.184070
42.5800,0.134772,0.173252,0.173361
42.6000,0.129155,0.177880,0.177770
42.6600,0.144466,0.180794,0.180936
42.6800,0.142285,0.190544,0.190433
42.7000,0.144966,0.184689,0.184949
42.7200,0.121980,0.174808,0.174589
42.7400,0.128139,0.196028,0.195675
42.7800,0.150914,0.190474,0.190275
42.8000,0.151578,0.190474,0.190275
42.8200,0.157970,0.167197,0.167131
42.8600,0.144176,0.167197,0.167131
42.8800,0.154446,0.165179,0.165356
42.9000,0.130125,0.165179,0.165356
42.9200,0.147907,0.195025,0.194579
42.9400,0.145020,0.190912,0.190642
42.9600,0.150504,0.190912,0.190642
43.0200,0.188222,0.190490,0.190623
43.0600,0.166931,0.187503,0.187538
43.1000,0.185087,0.172181,0.172494
43.1200,0.140685,0.186369,0.186213
43.1400,0.167897,0.185658,0.185958
43.1800,0.160808,0.190787,0.190625
43.2000,0.187275,0.187976,0.188106
43.2200,0.155103,0.187976,0.188106
43.2400,0.170557,0.173904,0.173872
43.2800,0.128610,0.181029,0.180673
43.3000,0.132191,0.177763,0.177426
43.3200,0.124592,0.177763,0.177426
43.3400,0.166380,0.191144,0.191006
43.3600,0.145654,0.174557,0.174413
43.3800,0.123267,0.183076,0.182772
43.4000,0.148462,0.186175,0.186178
43.4200,0.135488,0.182407,0.182266
43.4400,0.126802,0.197748,0.197210
43.4600,0.135303,0.197748,0.197210
43.4800,0.124482,0.196537,0.196119
43.5400,0.139571,0.182074,0.182147
43.5800,0.129648,0.193801,0.193353
43.6000,0.135243,0.190837,0.190570
43.6400,0.126722,0.190837,0.190570
43.6600,0.134836,0.190837,0.190570
43.6800,0.134476,0.164008,0.164054
43.7000,0.129904,0.164008,0.164054
43.7200,0.135300,0.164008,0.164054
43.7400,0.122501,0.179302,0.179027
43.7600,0.124613,0.172129,0.172013
43.7800,0.127483,0.180061,0.179783
43.8200,0.148818,0.177706,0.177534
43.8600,0.136178,0.190245,0.189764
43.8800,0.138595,0.174926,0.175025
43.9200,0.127009,0.182259,0.181883
43.9400,0.140945,0.193946,0.193567
43.9600,0.138201,0.191410,0.191017
43.9800,0.122104,0.192533,0.192297
44.0200,0.137345,0.201421,0.201143
44.1400,0.112549,0.182743,0.182422
44.1600,0.112973,0.191866,0.191810
44.2400,0.122857,0.173996,0.174037
44.2800,0.137769,0.192845,0.192743
44.3000,0.117441,0.173564,0.173796
44.3200,0.120029,0.173564,0.173796
44.3400,0.118244,0.179612,0.179362
44.3600,0.106026,0.170586,0.170559
44.4200,0.124979,0.191440,0.191111
44.4400,0.121083,0.191440,0.191111
44.4800,0.136276,0.180630,0.179050
44.5000,0.126748,0.179939,0.187736
44.5200,0.135867,0.179939,0.187736
44.5400,0.123343,0.192891,0.186743
44.5600,0.126541,0.192891,0.193034
44.6200,0.137427,0.178970,0.179151
44.6600,0.116293,0.184015,0.184247
44.7400,0.153614,0.186835,0.186769
44.7600,0.123183,0.169758,0.169977
44.7800,0.145410,0.169758,0.169977
44.8000,0.129481,0.184680,0.184355
44.8200,0.136369,0.183380,0.183169
44.8600,0.124003,0.182062,0.181761
44.8800,0.128600,0.192582,0.192165
44.9000,0.116401,0.188808,0.188440
44.9200,0.122598,0.185137,0.185124
44.9400,0.123598,0.187889,0.187513
44.9600,0.121041,0.196080,0.195781
44.9800,0.133828,0.194073,0.193715
45.0400,0.120941,0.190815,0.190539
45.0600,0.117430,0.205649,0.205161
45.1000,0.145740,0.196230,0.196288
45.1200,0.144320,0.200955,0.200941
45.2000,0.115015,0.200358,0.199887
45.2200,0.125475,0.211514,0.210958
45.2400,0.120574,0.211514,0.210958
45.2600,0.110693,0.211514,0.210958
45.2800,0.134580,0.186282,0.185986
45.3000,0.122390,0.186282,0.185986
45.3200,0.119175,0.186282,0.185986
45.3400,0.110398,0.195739,0.195502
45.3600,0.125151,0.195739,0.195502
45.3800,0.122284,0.190503,0.190148
45.4000,0.125379,0.199067,0.198502
45.4400,0.115751,0.198082,0.197494
45.4600,0.123747,0.196900,0.196333
45.4800,0.106937,0.202360,0.201824
45.5000,0.134680,0.197104,0.197026
45.5200,0.120463,0.197382,0.197051
45.5400,0.114699,0.200670,0.200085
45.5600,0.115362,0.200670,0.200085
45.6000,0.118614,0.199677,0.199340
45.6200,0.113973,0.197553,0.197080
45.6400,0.122865,0.189884,0.189491
45.6800,0.107633,0.194225,0.193649
45.7200,0.115987,0.203389,0.202844
45.7800,0.113159,0.196663,0.196196
45.8200,0.124670,0.209173,0.208669
45.8600,0.121005,0.198749,0.198287
45.8800,0.120993,0.198749,0.198287
45.9000,0.120092,0.195382,0.195044
45.9200,0.114963,0.195382,0.195044
45.9400,0.092378,0.197860,0.197443
45.9800,0.127643,0.200470,0.200150
46.0000,0.117444,0.195250,0.194959
46.0200,0.115303,0.195250,0.194959
46.0400,0.124375,0.198301,0.197908
46.0600,0.120398,0.181733,0.181559
46.1000,0.117263,0.191620,0.191057
46.1800,0.132694,0.195467,0.194984
46.2200,0.120346,0.195138,0.194805
46.2600,0.120472,0.198003,0.197965
46.2800,0.122620,0.188192,0.188002
46.3000,0.119189,0.188192,0.188002
46.3200,0.128461,0.202630,0.202123
46.3400,0.125078,0.202630,0.202123
46.3600,0.116322,0.202630,0.202123
46.3800,0.132618,0.190566,0.190523
46.4000,0.122650,0.190566,0.190523
46.4200,0.128233,0.196663,0.196675
46.4400,0.128091,0.196189,0.195976
46.4600,0.126647,0.196940,0.196503
46.4800,0.136062,0.196940,0.196503
46.5000,0.124638,0.193715,0.193300
46.5400,0.139240,0.198221,0.197855
46.5600,0.138961,0.199517,0.199053
46.5800,0.135691,0.194079,0.193894
46.6000,0.146677,0.203598,0.203357
46.6400,0.134320,0.199991,0.199601
46.7000,0.141789,0.198310,0.198135
46.7200,0.138329,0.191416,0.191152
46.7400,0.122100,0.195453,0.194918
46.7800,0.144094,0.205694,0.205251
46.8200,0.132530,0.191931,0.191923
46.8800,0.142783,0.206653,0.206216
46.9200,0.130317,0.196391,0.196104
46.9400,0.107604,0.210371,0.209679
46.9800,0.132487,0.204270,0.204248
47.0000,0.097710,0.204270,0.204248
47.0400,0.140698,0.194857,0.194626
47.0800,0.119680,0.200485,0.200476
47.1200,0.145034,0.204821,0.204610
47.1400,0.129391,0.208772,0.208270
47.1600,0.133394,0.208772,0.208270
47.2000,0.139622,0.206661,0.206236
47.2400,0.132154,0.205306,0.204856
47.2600,0.130432,0.200928,0.200581
47.2800,0.124747,0.200928,0.203244
47.3000,0.136470,0.211414,0.203244
47.3200,0.112063,0.211414,0.210921
47.3400,0.127872,0.198407,0.198300
47.3600,0.116121,0.198407,0.198300
47.3800,0.122622,0.204578,0.204214
47.4000,0.121149,0.204578,0.204214
47.4400,0.114878,0.199474,0.199206
47.4800,0.135353,0.195091,0.194975
47.5400,0.115935,0.198358,0.198028
47.5800,0.125363,0.191990,0.191832
47.6000,0.123621,0.194925,0.194534
47.6600,0.142673,0.195215,0.194951
47.6800,0.131705,0.207245,0.206840
47.7200,0.141951,0.197791,0.197803
47.7400,0.130639,0.197475,0.197663
47.7600,0.142338,0.201262,0.201285
47.7800,0.119814,0.194438,0.194112
47.8000,0.137638,0.194438,0.194112
47.8200,0.137064,0.205655,0.205578
47.8400,0.141051,0.205415,0.205207
47.8600,0.137653,0.205415,0.205207
47.8800,0.138743,0.190180,0.190111
47.9000,0.158987,0.190180,0.190111
47.9200,0.142338,0.191160,0.190111
47.9400,0.160389,0.190242,0.193480
48.0000,0.121952,0.196875,0.196562
48.0200,0.133860,0.181535,0.181308
48.0400,0.131141,0.211255,0.210948
48.0600,0.120900,0.211255,0.210948
48.0800,0.122586,0.211255,0.210948
48.1400,0.139057,0.193861,0.194288
48.1600,0.125697,0.193861,0.194288
48.1800,0.128428,0.215655,0.215285
48.2000,0.142344,0.215655,0.215285
48.2200,0.133013,0.215655,0.215285
48.2400,0.139861,0.196942,0.197027
48.2600,0.139153,0.201504,0.201433
48.3400,0.117179,0.206152,0.205837
48.3800,0.147473,0.212206,0.212240
48.4400,0.130993,0.211987,0.211642
48.4600,0.115865,0.211703,0.211848
48.5400,0.141061,0.207416,0.207063
48.5600,0.125311,0.206002,0.205867
48.6000,0.143757,0.189701,0.189645
48.6200,0.136468,0.189701,0.189645
48.6600,0.143250,0.196917,0.196910
48.7000,0.140765,0.207403,0.207275
48.7200,0.121927,0.207403,0.207275
48.7600,0.147854,0.197383,0.197501
48.7800,0.124232,0.198824,0.198502
48.8000,0.134397,0.208568,0.208453
48.8200,0.152649,0.206394,0.206582
48.8400,0.143315,0.188628,0.188514
48.8600,0.127221,0.200565,0.200257
48.8800,0.134009,0.199324,0.199201
48.9000,0.142485,0.199677,0.199533
48.9200,0.130440,0.202317,0.201843
48.9400,0.141820,0.202317,0.201843
48.9600,0.112851,0.177064,0.177011
48.9800,0.120707,0.177064,0.177011
49.0000,0.121265,0.183106,0.182994
49.0400,0.111460,0.184893,0.184733
49.0600,0.123237,0.184552,0.184063
49.0800,0.122876,0.184552,0.184063
49.1000,0.122909,0.173840,0.174047
49.1800,0.133602,0.164816,0.165183
49.2000,0.128543,0.177649,0.177833
49.2200,0.137593,0.169241,0.169105
49.2400,0.123247,0.169241,0.169105
49.2600,0.139974,0.180714,0.180596
49.2800,0.132654,0.180714,0.180596
49.3400,0.110044,0.175987,0.175905
49.3800,0.139790,0.174879,0.175078
49.4000,0.132204,0.174879,0.175078
49.4200,0.133551,0.189431,0.189460
49.4400,0.135130,0.189431,0.189460
49.4600,0.142223,0.184884,0.189460
49.5000,0.125421,0.173306,0.173492
49.5800,0.141445,0.191987,0.191879
49.6000,0.139557,0.191987,0.191879
49.6600,0.124086,0.186572,0.186337
49.6800,0.135670,0.184220,0.184270
49.7000,0.122933,0.176358,0.176140
49.7400,0.141511,0.184467,0.184456
49.7600,0.132612,0.184467,0.184456
49.7800,0.135123,0.184445,0.184335
49.8000,0.136604,0.184445,0.185337
49.8200,0.123803,0.189364,0.189282
49.8400,0.126028,0.206902,0.206499
49.8600,0.127411,0.206902,0.206499
49.9000,0.115109,0.193597,0.193385
49.9200,0.106700,0.193597,0.193385
49.9800,0.139566,0.194023,0.187573
50.0000,0.151055,0.194023,0.183736
50.0600,0.132212,0.187175,0.186798
50.0800,0.138601,0.208155,0.207519
50.1000,0.121944,0.199030,0.198410
50.1200,0.136766,0.199030,0.198410
50.1400,0.128938,0.213405,0.212749
50.1600,0.121031,0.201682,0.201258
50.1800,0.124837,0.205858,0.205440
50.2200,0.144918,0.204336,0.204238
50.2400,0.128316,0.203763,0.203295
50.2600,0.134031,0.203763,0.203295
50.2800,0.141951,0.192720,0.192457
50.3000,0.132897,0.203444,0.203275
50.3200,0.142663,0.203444,0.203275
50.3400,0.137230,0.182524,0.182228
50.3800,0.119679,0.202782,0.202090
50.4000,0.130957,0.204224,0.203888
50.4200,0.117466,0.204224,0.203888
50.4600,0.134024,0.216785,0.216211
50.4800,0.132872,0.216785,0.216211
50.5200,0.129261,0.204344,0.204038
50.5400,0.137033,0.204344,0.204038
50.5600,0.131879,0.204344,0.204038
50.5800,0.136433,0.178592,0.178271
50.6000,0.135925,0.178592,0.178271
50.6200,0.128924,0.178592,0.178271
50.6400,0.130627,0.185685,0.185353
50.6600,0.134186,0.180656,0.180520
50.6800,0.122912,0.187093,0.186837
50.7000,0.123412,0.186641,0.186179
50.7400,0.141022,0.187468,0.187318
50.7600,0.122699,0.187468,0.187318
50.7800,0.140189,0.185985,0.185803
50.8000,0.110088,0.193554,0.193037
50.8200,0.112801,0.186857,0.186594
50.8400,0.120597,0.190116,0.189822
50.8600,0.118366,0.184975,0.184434
50.8800,0.116711,0.188106,0.187589
50.9200,0.122296,0.186375,0.185920
50.9400,0.123440,0.176231,0.176014
50.9600,0.123091,0.193647,0.193514
50.9800,0.123462,0.193647,0.193514
51.0200,0.136139,0.193137,0.192787
51.0400,0.122130,0.189554,0.189536
51.1000,0.146394,0.186799,0.186812
51.1200,0.114937,0.184298,0.183752
51.1400,0.115605,0.186893,0.186486
51.2000,0.138573,0.197941,0.197626
51.2200,0.124171,0.193194,0.192609
51.2600,0.141415,0.200149,0.199842
51.3200,0.117568,0.205608,0.205170
51.3600,0.154345,0.217378,0.216922
51.3800,0.147205,0.200718,0.200156
51.4000,0.134816,0.200718,0.200156
51.4600,0.171702,0.194374,0.194453
51.4800,0.152380,0.194374,0.194453
51.5000,0.157760,0.173051,0.173586
51.5600,0.197616,0.174707,0.175472
51.5800,0.166371,0.171748,0.172102
51.6000,0.186266,0.171748,0.172102
51.6200,0.185829,0.182973,0.183309
51.6800,0.156251,0.160940,0.161338
51.7000,0.167651,0.160940,0.161338
51.7200,0.149293,0.160940,0.161338
51.7400,0.173285,0.188211,0.188109
51.7800,0.150751,0.188211,0.188109
51.8000,0.148665,0.188211,0.188109
51.8200,0.150381,0.169387,0.169952
51.8600,0.172236,0.169387,0.169952
51.8800,0.163531,0.182077,0.182641
51.9000,0.163355,0.181106,0.181506
51.9400,0.141293,0.176768,0.177153
51.9600,0.156453,0.187414,0.187460
51.9800,0.151861,0.187414,0.187460
52.0000,0.153242,0.187254,0.187460
52.0400,0.139186,0.186829,0.187222
52.0600,0.153198,0.183163,0.183256
52.0800,0.144919,0.186513,0.186435
52.1000,0.149877,0.186513,0.186435
52.1200,0.138416,0.174756,0.174955
52.1400,0.150838,0.182580,0.183077
52.1600,0.145146,0.179250,0.179390
52.1800,0.146249,0.175772,0.176170
52.2000,0.130774,0.175772,0.176170
52.2400,0.149482,0.178706,0.178707
52.2600,0.142652,0.186526,0.186926
52.2800,0.150505,0.186483,0.186514
52.3000,0.147039,0.182033,0.182058
52.3200,0.151656,0.182033,0.182058
52.3400,0.169950,0.199768,0.199680
52.3800,0.144938,0.199768,0.199680
52.4200,0.156724,0.186876,0.186937
52.4400,0.146856,0.210448,0.210294
52.4600,0.151367,0.210448,0.210294
52.4800,0.145005,0.210529,0.210231
52.5000,0.160380,0.214431,0.214355
52.5200,0.146562,0.214431,0.214355
52.5400,0.169988,0.202677,0.202487
52.5600,0.144057,0.202677,0.202487
52.5800,0.167988,0.195325,0.195437
52.6000,0.160057,0.195325,0.195437
52.6400,0.144692,0.201724,0.201722
52.6600,0.151630,0.190967,0.190877
52.6800,0.151676,0.190967,0.190877
52.7200,0.118132,0.199827,0.199305
52.7800,0.147557,0.196646,0.196577
52.8000,0.138241,0.203985,0.196577
52.8200,0.144606,0.202368,0.206300
52.8400,0.143570,0.206703,0.206300
52.8800,0.116258,0.201430,0.200872
52.9200,0.141907,0.195754,0.195462
52.9400,0.129710,0.201773,0.201253
52.9600,0.144644,0.196098,0.195693
52.9800,0.131434,0.203820,0.203313
53.0000,0.136632,0.183538,0.183532
53.0200,0.148102,0.190437,0.190300
53.0800,0.128309,0.196612,0.196191
53.1000,0.152315,0.177834,0.177895
53.1200,0.124560,0.177834,0.177895
53.1400,0.167177,0.177834,0.177895
53.1600,0.157104,0.192306,0.192243
53.1800,0.151163,0.192306,0.192243
53.2200,0.170520,0.187273,0.187366
53.2800,0.146483,0.181799,0.181823
53.3000,0.145424,0.184027,0.184023
53.3200,0.147484,0.186145,0.185903
53.3400,0.136642,0.182406,0.182271
53.3600,0.142781,0.186148,0.186117
53.3800,0.145997,0.186148,0.186117
53.4000,0.123174,0.176082,0.176087
53.4600,0.153956,0.185311,0.185341
53.5000,0.139199,0.184903,0.184868
53.5400,0.145836,0.199418,0.199414
53.6200,0.127496,0.188813,0.188469
53.6400,0.142938,0.194636,0.194287
53.6600,0.132836,0.175397,0.175397
53.6800,0.133039,0.175397,0.175397
53.7000,0.131914,0.177515,0.177563
53.7200,0.138609,0.177515,0.185566
53.7400,0.132761,0.186244,0.185566
53.7800,0.168555,0.174155,0.174310
53.8000,0.138495,0.174155,0.174310
53.8200,0.157015,0.175527,0.175609
53.8800,0.151942,0.177165,0.177539
53.9000,0.144840,0.177111,0.177226
53.9600,0.167961,0.180322,0.180508
53.9800,0.146063,0.180322,0.180508
54.0000,0.164018,0.187651,0.187739
54.0400,0.137300,0.196507,0.196276
54.0800,0.152387,0.181519,0.181589
54.1000,0.153342,0.182961,0.183112
54.1400,0.139808,0.183932,0.184094
54.1600,0.121091,0.182870,0.182699
54.2000,0.134439,0.173663,0.174051
54.2200,0.134332,0.173663,0.174051
54.2600,0.157784,0.190271,0.190716
54.3000,0.130363,0.183502,0.184135
54.3200,0.134530,0.176383,0.176876
54.3400,0.120893,0.179528,0.179875
54.3800,0.151860,0.182943,0.183270
54.4400,0.125811,0.186709,0.186870
54.4600,0.125949,0.179373,0.179649
54.4800,0.123131,0.179373,0.179649
54.5000,0.142180,0.162521,0.162724
54.5200,0.121525,0.162521,0.162724
54.5400,0.136410,0.169782,0.170409
54.5600,0.122356,0.166987,0.167749
54.5800,0.137019,0.166645,0.166981
54.6000,0.128304,0.184780,0.184808
54.6200,0.129124,0.184780,0.184808
54.6400,0.134661,0.172628,0.172984
54.6800,0.151258,0.182583,0.183050
54.7000,0.148361,0.179811,0.179889
54.7200,0.132674,0.184773,0.184775
54.7400,0.144004,0.183964,0.184128
54.7600,0.139152,0.183970,0.184121
54.7800,0.131175,0.177787,0.178307
54.8400,0.146932,0.181562,0.181495
54.8800,0.124133,0.176646,0.177492
54.9200,0.143600,0.187737,0.188404
54.9400,0.149213,0.176647,0.176987
54.9800,0.121547,0.181604,0.181560
55.0200,0.121671,0.173082,0.173141
55.0400,0.123484,0.185307,0.185454
55.0600,0.135144,0.185307,0.185454
55.0800,0.120724,0.167653,0.167795
55.1000,0.128580,0.167653,0.167795
55.1400,0.117730,0.165545,0.165491
55.1600,0.150980,0.177234,0.177238
55.2200,0.118772,0.184035,0.184148
55.2400,0.116534,0.173052,0.173145
55.3000,0.135134,0.173892,0.174446
55.3200,0.124480,0.179160,0.179557
55.3400,0.131068,0.175130,0.175505
55.3600,0.122957,0.181862,0.175505
55.4000,0.142416,0.178402,0.178757
55.4200,0.139459,0.181577,0.181735
55.4600,0.128805,0.171118,0.171436
55.4800,0.133118,0.176608,0.176928
55.5000,0.117485,0.175964,0.176096
55.5400,0.145619,0.174620,0.174974
55.5600,0.133287,0.177870,0.178191
55.5800,0.133392,0.174285,0.174945
55.6000,0.132699,0.174966,0.175790
55.6200,0.128617,0.174002,0.173961
55.6400,0.145477,0.178668,0.178992
55.6600,0.139302,0.178668,0.178992
55.7000,0.145235,0.167830,0.168641
55.7400,0.121708,0.170095,0.170639
55.7600,0.120319,0.171110,0.171335
55.8000,0.131199,0.187086,0.187105
55.8200,0.145177,0.180694,0.180947
55.8400,0.114261,0.180370,0.180225
55.8600,0.132460,0.181818,0.182026
55.9200,0.116427,0.170014,0.169980
55.9400,0.133226,0.170014,0.169980
55.9600,0.125102,0.170014,0.175810
55.9800,0.120234,0.170014,0.173860
56.0000,0.124781,0.191519,0.173860
56.0200,0.111989,0.191519,0.173860
56.0600,0.129722,0.191519,0.191390
56.1200,0.117037,0.198795,0.198701
56.1400,0.136145,0.198795,0.198701
56.1600,0.113156,0.196577,0.196445
56.2200,0.134191,0.179662,0.179835
56.2800,0.124506,0.187172,0.187374
56.4000,0.231310,0.176600,0.179442
56.4200,0.227858,0.186276,0.189011
56.4400,0.241833,0.177949,0.180859
56.4600,0.233760,0.177949,0.180859
56.4800,0.232879,0.195842,0.198413
56.5000,0.243519,0.195842,0.198413
56.5200,0.223768,0.186802,0.189167
56.5400,0.230813,0.195914,0.197952
56.5600,0.233107,0.185161,0.187306
56.5800,0.218969,0.191152,0.193185
56.6200,0.232842,0.180080,0.182271
56.6400,0.232567,0.184027,0.186479
56.6600,0.222620,0.178349,0.181062
56.6800,0.248726,0.182958,0.185760
56.7000,0.247098,0.179394,0.182324
56.7200,0.247982,0.181361,0.183899
56.7400,0.258286,0.191360,0.194548
56.7600,0.224288,0.177048,0.179924
56.7800,0.244622,0.193042,0.195795
56.8000,0.246409,0.192105,0.194634
56.8200,0.257675,0.189277,0.192207
56.8400,0.221997,0.196491,0.198632
56.8600,0.245428,0.195133,0.197838
56.8800,0.234745,0.198008,0.200832
56.9000,0.237254,0.197877,0.200086
56.9200,0.255562,0.197877,0.200086
56.9400,0.246878,0.183180,0.190487
57.0000,0.264767,0.198518,0.201088
57.0200,0.216530,0.196339,0.197616
57.0400,0.228865,0.194314,0.196628
57.0800,0.221301,0.188685,0.190154
57.1000,0.259942,0.188685,0.190154
57.1200,0.258294,0.204101,0.206035
57.1800,0.283994,0.190743,0.203397
57.2200,0.261801,0.204219,0.206209
57.2400,0.282682,0.204219,0.206209
57.2600,0.258716,0.195014,0.197384
57.2800,0.276597,0.195014,0.197384
57.3000,0.264784,0.189977,0.192591
57.3400,0.285059,0.188700,0.191829
57.3600,0.258416,0.198271,0.199874
57.3800,0.260190,0.198271,0.199874
57.4000,0.256547,0.183087,0.185765
57.4200,0.258474,0.188207,0.190354
57.4400,0.259528,0.186895,0.188630
57.4800,0.274939,0.191608,0.193909
57.5000,0.257484,0.184900,0.186822
57.5400,0.299757,0.184845,0.187833
57.5800,0.251223,0.190584,0.191952
57.6200,0.276413,0.191420,0.192816
57.6400,0.274854,0.188801,0.190989
57.6800,0.264299,0.193842,0.195355
57.7000,0.287533,0.184276,0.187237
57.7200,0.276060,0.204677,0.206530
57.7600,0.240378,0.198720,0.200402
57.7800,0.255123,0.187152,0.188895
57.8200,0.195879,0.190316,0.189421
57.8600,0.257612,0.189471,0.192766
57.9000,0.240240,0.193351,0.194256
57.9200,0.257307,0.188689,0.190133
57.9400,0.249717,0.188689,0.190133
57.9800,0.235894,0.201209,0.201981
58.0000,0.247414,0.197439,0.201284
58.0200,0.237530,0.197439,0.201284
58.0800,0.258980,0.198072,0.199227
58.1000,0.244376,0.185570,0.187102
58.1200,0.254757,0.185570,0.187102
58.1400,0.239431,0.189667,0.190824
58.1600,0.259909,0.181528,0.183271
58.1800,0.250074,0.181528,0.183271
58.2200,0.233245,0.190268,0.191673
58.2600,0.248710,0.190052,0.189814
58.2800,0.247949,0.188445,0.189814
58.3200,0.256427,0.180750,0.182381
58.3400,0.253462,0.180750,0.182381
58.3600,0.243950,0.188740,0.190236
58.4400,0.269436,0.183807,0.185600
58.4800,0.256315,0.196301,0.197486
58.5000,0.254589,0.185435,0.186785
58.5400,0.245985,0.190570,0.191803
58.5600,0.245331,0.192899,0.194048
58.5800,0.247639,0.191676,0.192902
58.6000,0.231640,0.180208,0.181409
58.6200,0.246802,0.190393,0.191612
58.6400,0.228117,0.184784,0.185891
58.6600,0.239709,0.193729,0.194925
58.7000,0.255379,0.193729,0.194925
58.7200,0.242725,0.185264,0.186420
58.7400,0.270573,0.188796,0.190883
58.7600,0.249218,0.188796,0.190883
58.8000,0.271779,0.195884,0.198123
58.8200,0.254145,0.192882,0.194625
58.8400,0.282051,0.179872,0.182455
58.8600,0.274547,0.179872,0.182455
58.9000,0.263625,0.179872,0.183462
58.9200,0.272674,0.198882,0.183462
58.9400,0.264427,0.198882,0.200584
58.9600,0.269543,0.198882,0.200584
59.0200,0.291807,0.187339,0.190296
59.0600,0.278618,0.190753,0.193041
59.0800,0.282805,0.182490,0.185730
59.1000,0.272652,0.182490,0.185730
59.1600,0.290873,0.182417,0.185282
59.2000,0.253492,0.197478,0.199887
59.2200,0.266960,0.191639,0.194532
59.2400,0.256017,0.185224,0.188094
59.2800,0.288820,0.185912,0.189038
59.3000,0.268538,0.188497,0.190567
59.3200,0.277943,0.188497,0.190567
59.3400,0.273253,0.200189,0.202609
59.3600,0.276544,0.200189,0.202609
59.3800,0.254029,0.187090,0.189349
59.4000,0.282657,0.187090,0.189349
59.4200,0.280733,0.201034,0.203951
59.4600,0.275024,0.183665,0.186857
59.4800,0.274710,0.184552,0.187227
59.5000,0.264200,0.184552,0.187227
59.5200,0.265428,0.189519,0.192678
59.5600,0.284780,0.189336,0.192565
59.5800,0.295091,0.177440,0.181461
59.6600,0.258892,0.185345,0.188056
59.6800,0.283627,0.194767,0.197965
59.7000,0.278196,0.189449,0.192476
59.7200,0.269844,0.186876,0.190202
59.7600,0.285325,0.193987,0.197329
59.8000,0.265938,0.187095,0.189551
59.8200,0.276002,0.200215,0.203711
59.8400,0.273544,0.200215,0.203711
59.8600,0.258956,0.200215,0.203711
59.8800,0.273001,0.170497,0.174609
59.9000,0.265636,0.170497,0.174609
59.9400,0.256768,0.176832,0.180600
59.9800,0.269768,0.176126,0.180020
60.0000,0.272527,0.180762,0.180020
60.0200,0.257543,0.180762,0.185282
60.0800,0.283430,0.180956,0.185282
60.1000,0.273766,0.175942,0.180007
60.1600,0.307535,0.174235,0.178427
60.2200,0.274948,0.188137,0.191329
60.2400,0.291044,0.173685,0.177696
60.2600,0.270953,0.175225,0.178874
60.2800,0.279565,0.170610,0.174624
60.3000,0.272725,0.178849,0.181924
60.3200,0.281888,0.173064,0.176303
60.3400,0.269532,0.184074,0.186925
60.3600,0.272625,0.182475,0.185721
60.3800,0.301771,0.171569,0.175382
60.4000,0.295418,0.188601,0.191643
60.4200,0.289730,0.184823,0.188238
60.4800,0.301594,0.165665,0.169276
60.5400,0.270224,0.187449,0.190006
60.5600,0.284071,0.187449,0.190006
60.5800,0.273077,0.170940,0.174187
60.6000,0.274661,0.170940,0.174187
60.6200,0.276454,0.170940,0.174187
60.6400,0.297423,0.170940,0.174187
60.6600,0.286553,0.183157,0.186506
60.6800,0.286573,0.183157,0.186506
60.7000,0.251750,0.176517,0.180546
60.7200,0.268381,0.178434,0.181378
60.7400,0.275280,0.178434,0.181378
60.7600,0.267594,0.189853,0.181378
60.7800,0.276067,0.189853,0.198116
60.8200,0.311308,0.193689,0.198116
60.8600,0.285959,0.177915,0.182348
60.8800,0.282497,0.177915,0.182348
60.9000,0.273317,0.177915,0.182348
60.9200,0.278457,0.173551,0.178378
60.9400,0.309247,0.173551,0.178378
60.9600,0.300250,0.186724,0.190819
61.0000,0.271441,0.168560,0.172906
61.0600,0.289224,0.173046,0.177285
61.0800,0.269392,0.167452,0.171472
61.1200,0.302341,0.172933,0.176773
61.1400,0.285031,0.172933,0.176773
61.1600,0.300403,0.172933,0.187999
61.1800,0.279164,0.184478,0.187886
61.2000,0.293431,0.182597,0.185723
61.2200,0.287914,0.184734,0.188534
61.2400,0.287574,0.178791,0.182601
61.2600,0.280526,0.178791,0.186092
61.2800,0.289449,0.185173,0.188321
61.3000,0.280996,0.185173,0.188321
61.3200,0.292126,0.167280,0.171290
61.3400,0.272430,0.167280,0.171290
61.3600,0.276106,0.177715,0.181720
61.4000,0.292449,0.174435,0.178314
61.4200,0.287007,0.174435,0.178314
61.4600,0.302008,0.199223,0.202425
61.4800,0.280956,0.199193,0.201827
61.5000,0.298374,0.187884,0.191608
61.5400,0.274083,0.195304,0.197960
61.5600,0.284065,0.177476,0.180307
61.5800,0.275054,0.177476,0.180307
61.6400,0.293573,0.205071,0.207854
61.6600,0.274481,0.205071,0.207854
61.6800,0.288157,0.175431,0.179287
61.7000,0.286634,0.175431,0.179287
61.7200,0.282776,0.179377,0.182289
61.7400,0.264214,0.179377,0.182289
61.7800,0.286201,0.192296,0.195386
61.8000,0.271456,0.184920,0.187454
61.8600,0.292587,0.183781,0.194207
61.8800,0.293153,0.184092,0.186815
61.9000,0.271898,0.195936,0.198297
61.9200,0.293151,0.187036,0.190303
61.9400,0.274075,0.192870,0.195695
61.9600,0.287364,0.182538,0.185698
61.9800,0.282569,0.196117,0.198324
62.0200,0.276804,0.182381,0.185413
62.0800,0.288898,0.183576,0.186715
62.1000,0.284287,0.191096,0.193676
62.1400,0.256793,0.176162,0.179093
62.2000,0.294800,0.178481,0.181568
62.2400,0.286455,0.183722,0.186866
62.2600,0.286008,0.174658,0.177829
62.3000,0.279917,0.194128,0.197118
62.3200,0.263543,0.194128,0.197118
62.3400,0.291989,0.180393,0.183979
62.3600,0.275343,0.181020,0.183979
62.3800,0.283279,0.182691,0.185817
62.4000,0.270053,0.196227,0.198162
62.4200,0.289158,0.175501,0.178811
62.4400,0.276417,0.175501,0.178811
62.4600,0.294805,0.190551,0.193329
62.4800,0.287309,0.178938,0.182340
62.5000,0.292913,0.185717,0.188802
62.5400,0.282040,0.189647,0.192553
62.5600,0.299264,0.183311,0.186703
62.5800,0.276325,0.183311,0.186703
62.6000,0.287735,0.188204,0.191256
62.6400,0.271752,0.183201,0.185884
62.6600,0.291950,0.185095,0.187870
62.6800,0.288652,0.198887,0.202021
62.7000,0.294318,0.193803,0.196768
62.7600,0.276166,0.194833,0.193091
62.7800,0.277266,0.194833,0.197987
62.8000,0.298756,0.179921,0.183440
62.8200,0.289297,0.179921,0.183440
62.8400,0.277600,0.185392,0.188991
62.8600,0.281719,0.184760,0.188112
62.8800,0.282154,0.175964,0.179722
62.9000,0.279119,0.177687,0.180856
62.9200,0.297810,0.178307,0.182196
62.9400,0.265064,0.177737,0.181159
62.9600,0.287210,0.172193,0.176666
62.9800,0.282178,0.174430,0.178150
63.0000,0.266748,0.176563,0.180415
63.0200,0.275164,0.172521,0.176405
63.0400,0.275892,0.172521,0.176405
63.0800,0.287618,0.176592,0.179314
63.1200,0.276223,0.193604,0.195649
63.2000,0.292668,0.163928,0.167554
63.2200,0.293242,0.169521,0.172562
63.2800,0.279843,0.184798,0.187710
63.3000,0.301120,0.175523,0.179054
63.3200,0.298095,0.181701,0.185198
63.3400,0.282264,0.175592,0.178333
63.3600,0.300414,0.179149,0.178333
63.3800,0.294196,0.182272,0.185695
63.4000,0.297819,0.179036,0.182726
63.4200,0.288670,0.193523,0.196137
63.4400,0.297863,0.186813,0.189497
63.4800,0.275216,0.171239,0.175481
63.5000,0.296613,0.171239,0.175481
63.5200,0.291891,0.190005,0.192959
63.5400,0.291607,0.190005,0.192959
63.5600,0.268190,0.182124,0.184492
63.5800,0.275816,0.190417,0.193019
63.6000,0.268067,0.177579,0.180176
63.6200,0.273792,0.179558,0.182630
63.6400,0.294388,0.179558,0.182630
63.6600,0.288483,0.191115,0.193866
63.7000,0.279694,0.191115,0.193866
63.7200,0.296094,0.166975,0.170377
63.7400,0.290726,0.166975,0.170377
63.7600,0.290930,0.166975,0.170377
63.7800,0.293012,0.167408,0.170532
63.8200,0.274720,0.175725,0.178972
63.8400,0.286574,0.176940,0.180178
63.8600,0.283370,0.173651,0.177309
63.8800,0.274202,0.176047,0.179377
63.9000,0.304263,0.169393,0.173666
63.9200,0.298152,0.178967,0.182537
63.9800,0.278238,0.171128,0.174912
64.0200,0.286282,0.180823,0.184451
64.0600,0.272036,0.173218,0.175815
64.1200,0.293628,0.185092,0.187746
64.1400,0.277380,0.185092,0.187746
64.1600,0.301623,0.185092,0.187746
64.2200,0.254342,0.180860,0.183399
64.2400,0.282007,0.178506,0.181764
64.2600,0.274279,0.176111,0.179558
64.2800,0.292033,0.176111,0.179558
64.3000,0.282793,0.189966,0.192794
64.3200,0.291585,0.189966,0.192794
64.3400,0.259584,0.177144,0.179994
64.4000,0.294485,0.180973,0.183928
64.4200,0.274453,0.173457,0.176783
64.4400,0.297007,0.173457,0.176783
64.4600,0.283734,0.178982,0.181909
64.4800,0.281294,0.175982,0.179111
64.5000,0.270990,0.176664,0.179553
64.5200,0.278712,0.164371,0.167908
64.5400,0.274795,0.175086,0.178016
64.5800,0.272775,0.174500,0.177862
64.6000,0.295449,0.165359,0.169519
64.6400,0.268457,0.170234,0.173384
64.7000,0.298274,0.168124,0.171710
64.7200,0.274636,0.176623,0.179150
64.7400,0.277625,0.176623,0.179150
64.7600,0.285806,0.174886,0.177641
64.7800,0.283430,0.178844,0.182082
64.8200,0.275473,0.165697,0.168917
64.8400,0.293795,0.176975,0.179892
64.8600,0.285520,0.174052,0.176917
64.8800,0.275742,0.173480,0.176917
64.9200,0.302568,0.164245,0.167508
64.9600,0.283126,0.161743,0.165159
64.9800,0.281047,0.167903,0.170745
65.0000,0.267023,0.172436,0.175409
65.0200,0.285287,0.172436,0.175409
65.0400,0.280245,0.152321,0.156209
65.0600,0.289371,0.152321,0.156209
65.0800,0.280305,0.152321,0.158829
65.1000,0.280747,0.163444,0.166046
65.1200,0.290944,0.153830,0.156726
65.1400,0.267779,0.153830,0.156726
65.1600,0.287219,0.162712,0.165908
65.1800,0.259577,0.159858,0.162565
65.2000,0.267969,0.159858,0.162565
65.2400,0.284536,0.165042,0.167692
65.2600,0.274853,0.173864,0.176721
65.2800,0.285128,0.173864,0.176721
65.3000,0.278998,0.173864,0.176721
65.3400,0.260265,0.167535,0.170380
65.4000,0.297181,0.180135,0.183168
65.4200,0.292923,0.172203,0.175576
65.4600,0.259237,0.169109,0.171652
65.4800,0.269518,0.172958,0.175925
65.5000,0.269854,0.183001,0.185097
65.5200,0.289719,0.180316,0.183379
65.5400,0.288373,0.180562,0.183365
65.5600,0.267675,0.170612,0.173521
65.5800,0.285002,0.180598,0.183915
65.6000,0.271640,0.180598,0.183915
65.6200,0.295285,0.166042,0.169988
65.6400,0.281382,0.178597,0.180868
65.7000,0.255743,0.174361,0.176688
65.7400,0.271994,0.171903,0.174738
65.7600,0.267775,0.181850,0.184136
65.7800,0.270514,0.185555,0.188251
65.8000,0.264751,0.185222,0.188205
65.8400,0.285608,0.174420,0.178322
65.8600,0.259086,0.192601,0.195040
65.8800,0.260781,0.171338,0.174506
65.9200,0.248925,0.167799,0.170885
65.9400,0.259781,0.170252,0.173817
65.9600,0.255843,0.170252,0.173817
66.0000,0.266832,0.168749,0.172123
66.0200,0.266739,0.183684,0.186855
66.0400,0.261827,0.183684,0.186855
66.0600,0.239686,0.180333,0.182908
66.0800,0.249708,0.189321,0.192514
66.1000,0.259397,0.189321,0.192514
66.1400,0.243115,0.176304,0.179534
66.1600,0.241945,0.183581,0.186901
66.1800,0.260875,0.177309,0.180418
66.2000,0.251487,0.177309,0.180418
66.2200,0.241598,0.177942,0.180414
66.2600,0.261269,0.194147,0.196453
66.3000,0.248188,0.202601,0.209900
66.4200,0.278936,0.202834,0.204919
66.4600,0.290260,0.191314,0.194233
66.4800,0.283312,0.183599,0.187069
66.5000,0.258852,0.186649,0.189886
66.5200,0.282796,0.186649,0.189886
66.5400,0.256449,0.196888,0.199843
66.5600,0.276360,0.196888,0.199843
66.5800,0.275937,0.176632,0.180150
66.6000,0.282512,0.176632,0.180150
66.6200,0.273909,0.186811,0.190045
66.6400,0.281369,0.185107,0.188256
66.6600,0.273038,0.185107,0.188256
66.6800,0.293542,0.169076,0.173240
66.7000,0.292069,0.169076,0.173240
66.7200,0.276517,0.169076,0.173240
66.7600,0.298642,0.174646,0.178658
66.7800,0.291669,0.174646,0.178658
66.8000,0.272624,0.191408,0.194942
66.8200,0.286540,0.187849,0.191190
66.8400,0.277878,0.193578,0.196811
66.8800,0.283689,0.178251,0.181573
66.9000,0.280778,0.178251,0.181573
66.9200,0.287092,0.187142,0.190560
66.9400,0.270313,0.182535,0.185360
66.9600,0.279271,0.183362,0.186983
67.0200,0.274827,0.195668,0.198356
67.0400,0.282760,0.195668,0.198356
67.0600,0.254237,0.179948,0.183452
67.1000,0.284736,0.188933,0.192739
67.1400,0.285740,0.186051,0.189410
67.1600,0.291122,0.186051,0.197949
67.2200,0.268019,0.195087,0.197746
67.2400,0.283827,0.198116,0.201241
67.2600,0.281683,0.194127,0.198002
67.2800,0.283927,0.182448,0.185710
67.3200,0.263401,0.186333,0.189235
67.3400,0.275213,0.190530,0.193106
67.3600,0.258288,0.189974,0.192765
67.4200,0.276308,0.183310,0.186273
67.4400,0.262826,0.181274,0.186273
67.4600,0.291056,0.175482,0.179538
67.4800,0.290968,0.176114,0.180106
67.5200,0.272364,0.192775,0.196111
67.5400,0.277888,0.192775,0.196111
67.5600,0.279306,0.192775,0.196111
67.6000,0.273314,0.171821,0.175018
67.6200,0.266823,0.197608,0.200848
67.6400,0.283845,0.197608,0.200848
67.6600,0.264478,0.193491,0.195907
67.6800,0.265253,0.193491,0.194757
67.7200,0.281887,0.203543,0.207285
67.7400,0.276467,0.203430,0.207285
67.7600,0.295268,0.203430,0.207285
67.7800,0.288826,0.182771,0.187193
67.8200,0.298133,0.182771,0.187193
67.8400,0.285190,0.182771,0.187193
67.8600,0.287054,0.193337,0.196730
67.9000,0.275869,0.197857,0.200842
67.9400,0.290636,0.186117,0.191715
67.9800,0.269000,0.181588,0.184882
68.0000,0.277958,0.192378,0.195791
68.0200,0.280334,0.181113,0.184454
68.0400,0.261078,0.186809,0.190305
68.0600,0.270219,0.185500,0.188914
68.0800,0.290154,0.199086,0.202962
68.1000,0.289232,0.192031,0.195985
68.1200,0.272725,0.204721,0.207998
68.1800,0.301149,0.192716,0.195772
68.2000,0.291975,0.215221,0.218671
68.2200,0.300164,0.215221,0.218671
68.2400,0.276279,0.189821,0.192768
68.2600,0.282630,0.189821,0.192768
68.2800,0.281260,0.187011,0.190481
68.3200,0.287090,0.180779,0.184184
68.3400,0.294890,0.184227,0.187725
68.3800,0.287345,0.194291,0.197203
68.4000,0.286466,0.190136,0.193831
68.4200,0.290110,0.198167,0.200339
68.4800,0.274832,0.180944,0.191565
68.5000,0.275193,0.180944,0.194615
68.5200,0.283655,0.180944,0.183921
68.5400,0.278488,0.202787,0.205655
68.5600,0.267623,0.202787,0.205655
68.5800,0.271707,0.201987,0.204915
68.6200,0.284883,0.204202,0.207312
68.6600,0.277113,0.181977,0.185717
68.6800,0.289644,0.181977,0.185717
68.7400,0.272289,0.195973,0.198828
68.7600,0.278297,0.193416,0.196238
68.7800,0.271711,0.183171,0.186678
68.8000,0.273046,0.189173,0.192149
68.8200,0.278450,0.184497,0.187876
68.8400,0.277378,0.192996,0.195672
68.8600,0.277194,0.179272,0.182343
68.9000,0.286742,0.187470,0.191060
68.9200,0.268928,0.179075,0.181974
68.9400,0.284208,0.179075,0.181974
68.9600,0.266117,0.201829,0.204808
68.9800,0.281843,0.201829,0.204808
69.0000,0.275372,0.201829,0.204808
69.0400,0.266751,0.174828,0.185149
69.0600,0.245345,0.174828,0.185149
69.0800,0.283512,0.174828,0.185928
69.1000,0.263556,0.174828,0.177916
69.1200,0.264722,0.176286,0.179251
69.1400,0.287640,0.182210,0.185906
69.1600,0.276835,0.182210,0.185906
69.2000,0.288893,0.180260,0.182511
69.2200,0.246207,0.180260,0.182511
69.2400,0.268325,0.177394,0.180096
69.2800,0.278121,0.174540,0.177301
69.3000,0.269818,0.174540,0.177301
69.3200,0.279239,0.179599,0.182351
69.3400,0.267613,0.179599,0.182351
69.3600,0.283117,0.185739,0.189135
69.4200,0.263879,0.176184,0.179067
69.4400,0.290576,0.176184,0.179271
69.4600,0.263268,0.191132,0.193558
69.4800,0.277224,0.176723,0.179840
69.5000,0.269671,0.177892,0.180105
69.5200,0.270063,0.174088,0.176885
69.5400,0.272813,0.174088,0.176885
69.5600,0.263994,0.188451,0.190664
69.5800,0.272687,0.179913,0.183109
69.6000,0.268222,0.201946,0.188519
69.6200,0.262510,0.201946,0.203759
69.7000,0.286965,0.194851,0.197560
69.7200,0.249172,0.182846,0.185274
69.7400,0.265478,0.193036,0.195286
69.7600,0.268411,0.191823,0.194056
69.7800,0.266936,0.191823,0.192305
69.8000,0.253606,0.182610,0.192305
69.8200,0.284028,0.182610,0.178619
69.8400,0.271417,0.176037,0.178619
69.8600,0.272476,0.190200,0.192329
69.8800,0.257971,0.190200,0.192329
69.9000,0.268307,0.190085,0.192320
69.9200,0.264614,0.182052,0.184699
69.9600,0.269072,0.187424,0.189948
70.0000,0.296668,0.181925,0.186025
70.0200,0.265777,0.196831,0.199379
70.0400,0.270561,0.189389,0.191740
70.0800,0.281643,0.189143,0.192171
70.1200,0.267843,0.183600,0.185845
70.1400,0.269555,0.203561,0.206452
70.1600,0.241407,0.181126,0.183433
70.1800,0.245616,0.181126,0.183433
70.2400,0.267910,0.198872,0.201222
70.2600,0.271286,0.186964,0.189311
70.2800,0.255689,0.192899,0.195141
70.3000,0.257241,0.203522,0.205392
70.3400,0.257795,0.192054,0.194369
70.3800,0.267787,0.197824,0.200608
70.4000,0.258383,0.188878,0.191061
70.4200,0.277616,0.192420,0.195304
70.4400,0.258512,0.187639,0.195304
70.4600,0.273397,0.190935,0.180147
70.4800,0.260544,0.177700,0.180147
70.5000,0.262410,0.179765,0.182131
70.5200,0.286042,0.188376,0.182131
70.5400,0.278018,0.188376,0.198819
70.5600,0.260876,0.196738,0.198819
70.5800,0.271113,0.193334,0.195972
70.6000,0.274935,0.193334,0.195972
70.6400,0.256352,0.186842,0.189145
70.6600,0.262697,0.208007,0.209578
70.6800,0.246332,0.208007,0.209578
70.7000,0.258625,0.188944,0.191049
70.7200,0.251262,0.188944,0.191049
70.7600,0.257669,0.198009,0.200219
70.7800,0.266061,0.188402,0.191304
70.8200,0.248480,0.199382,0.182784
70.8400,0.248621,0.180764,0.183283
70.9600,0.291377,0.200379,0.203458
71.0200,0.249892,0.207790,0.209871
71.0400,0.280110,0.185486,0.188731
71.0600,0.275446,0.189912,0.192642
71.0800,0.275344,0.197016,0.199238
71.1000,0.271707,0.194162,0.196667
71.1200,0.262077,0.196666,0.199280
71.1400,0.278224,0.184627,0.187597
71.1600,0.271803,0.184627,0.187597
71.1800,0.276390,0.193082,0.196699
71.2000,0.276168,0.192889,0.196017
71.2200,0.275110,0.191084,0.194517
71.2800,0.251055,0.181894,0.184934
71.3200,0.266496,0.190845,0.186417
71.3400,0.258658,0.190813,0.193735
71.3600,0.277121,0.182798,0.185727
71.3800,0.261177,0.183841,0.187477
71.4200,0.279630,0.182413,0.185675
71.4400,0.277085,0.194811,0.198592
71.4600,0.295814,0.194811,0.198592
71.4800,0.258308,0.182778,0.185952
71.5000,0.271057,0.182965,0.186620
71.5200,0.260325,0.190529,0.193046
71.5400,0.264723,0.189195,0.191970
71.5800,0.259152,0.190760,0.193403
71.6000,0.277143,0.174844,0.177790
71.6200,0.253079,0.174844,0.177790
71.6400,0.270629,0.189267,0.192028
71.6600,0.266616,0.181401,0.184833
71.6800,0.262339,0.181058,0.184301
71.7000,0.250023,0.184457,0.187572
71.7200,0.269613,0.177241,0.180761
71.7400,0.258718,0.177241,0.180761
71.8000,0.288088,0.190358,0.194116
71.8400,0.268981,0.190490,0.193947
71.8600,0.269919,0.194482,0.197631
71.8800,0.274121,0.181050,0.184748
71.9000,0.260863,0.182000,0.184991
71.9200,0.262554,0.184716,0.187788
71.9600,0.276321,0.169172,0.172537
72.0000,0.262842,0.170084,0.173525
72.0600,0.263039,0.183228,0.186731
72.0800,0.263845,0.187485,0.190632
72.1200,0.284066,0.190025,0.193015
72.1600,0.267235,0.182527,0.185700
72.1800,0.274786,0.182527,0.185700
72.2200,0.259265,0.188708,0.191293
72.2400,0.284355,0.201489,0.204499
72.2600,0.281404,0.194191,0.197783
72.2800,0.278939,0.193574,0.196461
72.3200,0.286045,0.184346,0.187267
72.3600,0.253566,0.185233,0.187883
72.3800,0.271704,0.187406,0.187883
72.4000,0.267987,0.187406,0.196499
72.4200,0.260265,0.207418,0.196499
72.4400,0.278671,0.207418,0.196499
72.4600,0.265247,0.207418,0.209443
72.4800,0.276718,0.207418,0.209443
72.5000,0.273283,0.183227,0.185451
72.5400,0.257859,0.180564,0.183022
72.6000,0.276361,0.194558,0.196985
72.6200,0.261677,0.180594,0.183324
72.6400,0.268187,0.180594,0.183324
72.6600,0.291121,0.188380,0.191828
72.6800,0.284031,0.182050,0.185179
72.7000,0.277603,0.187966,0.190708
72.7200,0.279045,0.185756,0.188504
72.7400,0.289556,0.181490,0.184714
72.8000,0.269354,0.180075,0.183239
72.8400,0.292988,0.212687,0.215525
72.8800,0.273314,0.195593,0.198182
72.9000,0.279027,0.212731,0.215199
72.9200,0.281455,0.201073,0.203718
72.9600,0.265888,0.212488,0.214758
72.9800,0.268984,0.212488,0.214758
73.0000,0.285204,0.212488,0.214758
73.0200,0.268632,0.185546,0.188715
73.0400,0.280891,0.185546,0.188715
73.0600,0.272515,0.185546,0.188715
73.0800,0.273307,0.208393,0.211240
73.1200,0.271802,0.194712,0.197631
73.1400,0.274810,0.198483,0.201248
73.1600,0.271044,0.198483,0.201248
73.1800,0.285132,0.177337,0.180431
73.2000,0.269790,0.177337,0.180431
73.2200,0.272109,0.177337,0.180431
73.2400,0.272964,0.194575,0.197439
73.2600,0.269368,0.194575,0.197370
73.2800,0.271976,0.188210,0.191373
73.3000,0.283839,0.210671,0.213178
73.3200,0.249655,0.189320,0.192455
73.3600,0.288345,0.193664,0.196844
73.3800,0.269318,0.179723,0.182806
73.4000,0.274553,0.196809,0.199675
73.4400,0.281586,0.183617,0.186612
73.4600,0.272500,0.183617,0.186612
73.4800,0.277579,0.183940,0.187031
73.5000,0.279642,0.182813,0.186038
73.5200,0.275367,0.182813,0.186038
73.5400,0.285009,0.195894,0.199419
73.5600,0.279123,0.195894,0.199419
73.6000,0.249408,0.202959,0.205219
73.6200,0.249963,0.191601,0.194412
73.6400,0.254849,0.194825,0.197442
73.6800,0.237457,0.177048,0.180379
73.7000,0.264366,0.177048,0.180379
73.7200,0.248541,0.177048,0.180379
73.7400,0.250542,0.191985,0.194459
73.7600,0.247414,0.191985,0.194459
73.8000,0.272471,0.192713,0.196729
73.8200,0.254088,0.182009,0.185387
73.8400,0.258328,0.183488,0.186560
73.8600,0.248713,0.207251,0.209462
73.8800,0.261542,0.174746,0.178407
73.9000,0.250826,0.178708,0.182462
73.9200,0.253122,0.178708,0.182462
73.9400,0.253131,0.192586,0.195756
73.9600,0.271108,0.180193,0.183560
73.9800,0.269353,0.193681,0.197127
74.0200,0.252575,0.168467,0.172593
74.0400,0.258039,0.168467,0.172593
74.0600,0.248674,0.168467,0.172593
74.1000,0.269139,0.197287,0.200423
74.1400,0.245897,0.197218,0.199412
74.1600,0.275728,0.204298,0.207613
74.1800,0.267052,0.192977,0.196719
74.2000,0.255750,0.203559,0.207607
74.2200,0.261013,0.194975,0.207607
74.2400,0.274736,0.195406,0.198653
74.2800,0.258203,0.191876,0.195036
74.3000,0.259241,0.197125,0.201180
74.3200,0.273660,0.197125,0.201180
74.3600,0.240401,0.202573,0.206373
74.3800,0.258355,0.199917,0.203699
74.4000,0.253528,0.213297,0.216102
74.4200,0.254230,0.213297,0.216102
74.4400,0.249047,0.198960,0.202536
74.4800,0.261241,0.203948,0.208259
74.5000,0.256873,0.194088,0.198836
74.5200,0.268709,0.204256,0.208842
74.5400,0.251363,0.200160,0.204691
74.6000,0.277172,0.189375,0.193657
74.6200,0.257534,0.191433,0.195250
74.6400,0.277115,0.185805,0.195250
74.6600,0.270385,0.186073,0.189655
74.7400,0.251703,0.189874,0.193094
74.7600,0.250162,0.196344,0.200001
74.7800,0.257529,0.185256,0.188523
74.8000,0.250657,0.185256,0.188523
74.8200,0.265553,0.185256,0.188523
74.8400,0.252277,0.204078,0.206869
74.8600,0.255523,0.204078,0.206869
74.8800,0.267219,0.191132,0.194441
74.9000,0.258317,0.196173,0.199639
74.9400,0.269337,0.188061,0.206938
74.9800,0.250512,0.187141,0.190700
75.0000,0.263691,0.187141,0.190979
75.0200,0.256488,0.187141,0.197171
75.0400,0.245244,0.203733,0.193251
75.0600,0.260896,0.203733,0.207296
75.0800,0.254076,0.196842,0.200186
75.1000,0.263680,0.199568,0.200186
75.1200,0.250912,0.199034,0.202485
75.1400,0.254098,0.188296,0.192068
75.1600,0.270497,0.197363,0.200728
75.1800,0.251756,0.181528,0.185615
75.2000,0.267041,0.181528,0.185615
75.2200,0.259954,0.203243,0.206680
75.2400,0.250570,0.187781,0.192437
75.2600,0.266429,0.187781,0.192437
75.3200,0.247723,0.205453,0.209190
75.3400,0.252211,0.205453,0.193386
75.3800,0.280685,0.186112,0.190785
75.4400,0.233220,0.184505,0.187904
75.4800,0.262157,0.187284,0.192628
75.5400,0.243424,0.202844,0.206352
75.5800,0.265528,0.183316,0.186578
75.6000,0.245381,0.183316,0.186578
75.6200,0.274405,0.195337,0.199039
75.6400,0.250852,0.189675,0.193115
75.6600,0.263338,0.191846,0.194873
75.7000,0.261316,0.183473,0.187499
75.7200,0.269677,0.183473,0.187499
75.7600,0.259280,0.199015,0.193386
75.7800,0.279818,0.198382,0.202811
75.8000,0.276466,0.195331,0.198558
75.8400,0.257825,0.195331,0.198558
75.8600,0.255835,0.214768,0.217416
75.9000,0.280532,0.189156,0.192305
75.9200,0.273661,0.189156,0.192305
75.9400,0.278118,0.211359,0.214344
75.9600,0.277584,0.211359,0.214344
75.9800,0.274146,0.211359,0.214344
76.0000,0.281618,0.191473,0.194367
76.0400,0.254326,0.195384,0.197994
76.0600,0.267960,0.193138,0.196832
76.0800,0.263232,0.177837,0.181569
76.1000,0.262194,0.177837,0.181569
76.1200,0.253969,0.206884,0.209314
76.1600,0.281735,0.206884,0.209314
76.2200,0.249335,0.184886,0.187793
76.2400,0.260710,0.200891,0.203837
76.2600,0.256538,0.200891,0.203837
76.3000,0.253339,0.189760,0.193194
76.3200,0.244373,0.189760,0.193194
76.3600,0.279322,0.211761,0.214749
76.4000,0.261081,0.204916,0.208215
76.4200,0.265968,0.206396,0.209246
76.4600,0.252944,0.216758,0.218992
76.5200,0.271942,0.209373,0.212767
76.5400,0.261937,0.209373,0.212767
76.5600,0.268405,0.217264,0.220242
76.5800,0.292985,0.201332,0.205330
76.6000,0.251007,0.203462,0.206264
76.6200,0.256400,0.204041,0.206940
76.6400,0.257847,0.204041,0.206940
76.6600,0.262860,0.186946,0.190675
76.6800,0.258302,0.194166,0.190675
76.7000,0.265595,0.187806,0.191428
76.7200,0.265215,0.187806,0.191428
76.7400,0.253684,0.202113,0.205820
76.7600,0.262775,0.202113,0.205820
76.7800,0.250052,0.200678,0.203473
76.8000,0.257776,0.200678,0.203473
76.8200,0.249849,0.187068,0.190126
76.8400,0.252917,0.213719,0.216343
76.9000,0.284202,0.187456,0.190999
76.9200,0.261411,0.190031,0.193631
76.9400,0.271010,0.199769,0.202752
76.9600,0.272123,0.176118,0.180759
76.9800,0.278336,0.190357,0.194232
77.0200,0.252490,0.191120,0.192256
77.0400,0.257772,0.191120,0.194141
77.1000,0.274890,0.188144,0.191868
77.1400,0.257272,0.193454,0.204467
77.1600,0.275420,0.200757,0.204467
77.1800,0.263114,0.193089,0.196167
77.2000,0.280644,0.194144,0.197301
77.2400,0.248749,0.206147,0.209432
77.2600,0.256271,0.206147,0.209432
77.2800,0.245953,0.191247,0.195581
77.3200,0.263302,0.210531,0.213314
77.3600,0.251610,0.210531,0.213314
77.4000,0.262235,0.188626,0.192221
77.4200,0.275954,0.202202,0.205270
77.4400,0.258447,0.201388,0.204369
77.4600,0.278544,0.201388,0.204369
77.4800,0.265851,0.189685,0.194102
77.5000,0.284202,0.189685,0.194102
77.5200,0.283849,0.201726,0.205381
77.5400,0.271330,0.184432,0.188097
77.5600,0.272253,0.184432,0.188097
77.6200,0.281717,0.187236,0.191084
77.6800,0.246842,0.189034,0.192373
77.7000,0.264143,0.183770,0.187584
77.7200,0.259492,0.183770,0.187584
77.7400,0.258405,0.183770,0.187584
77.7600,0.250660,0.207374,0.211122
77.8000,0.287123,0.207374,0.211122
77.8400,0.265299,0.215632,0.218579
77.8600,0.261940,0.210203,0.213015
77.8800,0.284264,0.195463,0.198503
77.9000,0.264877,0.195463,0.198503
77.9200,0.274413,0.204187,0.207529
77.9600,0.249593,0.201169,0.204380
77.9800,0.279323,0.199015,0.202810
78.0000,0.257070,0.223139,0.225487
78.0200,0.263908,0.210303,0.213929
78.0400,0.253486,0.194139,0.197635
78.0600,0.254378,0.194139,0.197635
78.1000,0.269872,0.194139,0.197635
78.1200,0.257156,0.207500,0.210171
78.1400,0.258458,0.207500,0.210171
78.1600,0.260281,0.207500,0.210171
78.1800,0.259848,0.189063,0.192995
78.2000,0.259812,0.197377,0.201442
78.2200,0.275600,0.200203,0.204446
78.3000,0.249201,0.197904,0.200680
78.3200,0.249258,0.194435,0.198522
78.3600,0.266319,0.207564,0.210035
78.3800,0.252882,0.207564,0.210035
78.4400,0.278178,0.214118,0.217811
78.4600,0.253519,0.214118,0.217811
78.4800,0.263202,0.193368,0.197566
78.5000,0.275512,0.193368,0.197566
78.5200,0.273823,0.189865,0.193675
78.5600,0.255055,0.198803,0.201661
78.5800,0.257042,0.194190,0.197918
78.6000,0.258057,0.197602,0.200313
78.6600,0.271220,0.199771,0.203002
78.6800,0.264569,0.185482,0.188043
78.7000,0.267380,0.199619,0.203095
78.7400,0.287924,0.191259,0.203095
78.7600,0.266497,0.192872,0.195583
78.7800,0.270320,0.193515,0.196465
78.8400,0.303435,0.195669,0.199818
78.8800,0.264950,0.193382,0.196566
78.9000,0.295847,0.217163,0.220871
78.9200,0.278199,0.217163,0.220871
78.9800,0.261313,0.197892,0.200759
79.0000,0.260790,0.226991,0.229852
79.0800,0.279891,0.211037,0.213684
79.1000,0.257425,0.204563,0.207152
79.1400,0.280469,0.215482,0.218786
79.1600,0.274134,0.214228,0.216934
79.2000,0.288993,0.219429,0.222353
79.2200,0.287912,0.216317,0.219018
79.2400,0.272901,0.202134,0.204882
79.2600,0.290769,0.209424,0.211975
79.3000,0.267905,0.200502,0.203122
79.3400,0.276965,0.213978,0.217026
79.3800,0.260196,0.203085,0.206439
79.4200,0.285379,0.198398,0.201337
79.4600,0.266558,0.213111,0.215440
79.4800,0.272259,0.211483,0.214015
79.5200,0.263076,0.205972,0.208244
79.5400,0.274891,0.205972,0.208244
79.5600,0.266637,0.193213,0.196449
79.6000,0.275627,0.184572,0.187976
79.6200,0.249675,0.189159,0.191876
79.6400,0.259936,0.189159,0.191876
79.6600,0.284870,0.202582,0.205436
79.7200,0.259578,0.196422,0.199196
79.7400,0.265758,0.200015,0.202247
79.7600,0.261864,0.216051,0.217627
79.7800,0.264181,0.216051,0.217627
79.8000,0.263774,0.188529,0.190900
79.8200,0.254474,0.188529,0.190900
79.8400,0.273329,0.192908,0.196456
79.8600,0.272498,0.187292,0.191068
79.8800,0.252841,0.187292,0.191068
79.9000,0.256068,0.187292,0.191068
79.9400,0.264779,0.206033,0.209139
80.0200,0.290962,0.200675,0.207423
80.0800,0.259562,0.210640,0.210534
80.1000,0.259889,0.210640,0.213709
80.1200,0.257700,0.206735,0.209725
80.1400,0.278952,0.222290,0.225052
80.1800,0.252393,0.196596,0.199718
80.2000,0.273292,0.196596,0.199718
80.2200,0.258707,0.200948,0.204095
80.2400,0.261321,0.194869,0.197804
80.2600,0.255664,0.208312,0.210385
80.3000,0.268372,0.198779,0.202132
80.3600,0.237509,0.201796,0.204577
80.4000,0.270558,0.210119,0.212814
80.4400,0.253588,0.203017,0.205235
80.4600,0.255212,0.203017,0.205235
80.4800,0.280242,0.205699,0.209008
80.5000,0.258988,0.205699,0.209008
80.5200,0.260170,0.183569,0.187076
80.5400,0.262030,0.183569,0.187076
80.5600,0.270925,0.179550,0.182954
80.5800,0.268337,0.201702,0.205094
80.6000,0.273355,0.201411,0.203761
80.6200,0.247765,0.192212,0.194883
80.6600,0.296038,0.194300,0.197100
80.6800,0.289198,0.204715,0.207325
80.7400,0.251210,0.212733,0.215186
80.7800,0.262625,0.201791,0.205273
80.8000,0.248796,0.216494,0.219053
80.8400,0.269952,0.204112,0.207921
80.8600,0.241470,0.204619,0.207309
80.8800,0.258251,0.204619,0.207309
80.9000,0.251666,0.195537,0.198198
80.9800,0.270702,0.195658,0.198563
81.0000,0.254599,0.195658,0.198563
81.0400,0.271792,0.208770,0.211814
81.0600,0.245204,0.208770,0.211814
81.1000,0.279597,0.198810,0.201054
81.1200,0.255748,0.198810,0.201054
81.1400,0.256045,0.208974,0.211597
81.1600,0.279903,0.203044,0.205941
81.1800,0.265506,0.203044,0.205941
81.2400,0.260228,0.212741,0.214928
81.2600,0.283718,0.185761,0.189768
81.3000,0.267332,0.189551,0.192216
81.3200,0.275025,0.203171,0.205739
81.3400,0.261521,0.203171,0.205739
81.3600,0.264822,0.188991,0.192005
81.3800,0.273531,0.188991,0.192005
81.4000,0.271963,0.201688,0.204699
81.4400,0.289348,0.190925,0.193918
81.4600,0.246306,0.187741,0.190706
81.4800,0.270423,0.189009,0.192793
81.5000,0.283188,0.187029,0.190005
81.5200,0.271065,0.193293,0.934290
81.5400,0.283704,0.192456,0.934290
81.5800,0.244348,0.178519,0.937703
81.6000,0.273820,0.178519,0.937703
81.6200,0.268887,0.190967,0.931989
81.6800,0.241443,0.185761,0.925456
81.7000,0.258795,0.185761,0.931361
81.7200,0.237473,0.192783,0.930551
81.7400,0.238460,0.181558,0.922843
81.7800,0.258601,0.194701,0.927554
81.8000,0.239680,0.193247,0.928913
81.8200,0.250719,0.193247,0.927681
81.8800,0.246211,0.186746,0.928757
81.9000,0.265984,0.183950,0.934848
81.9200,0.258874,0.185198,0.932702
81.9600,0.226376,0.200327,0.927887
81.9800,0.239575,0.191361,0.929916
82.0000,0.219088,0.191361,0.929916
82.0200,0.227862,0.203748,0.931972
82.0400,0.241914,0.195416,0.926106
82.0800,0.224794,0.207388,0.935490
82.1200,0.237121,0.188735,0.925181
82.1400,0.221981,0.193878,0.930090
82.1600,0.245275,0.190790,0.929071
82.1800,0.235893,0.194272,0.926199
82.2200,0.217792,0.192306,0.930648
82.2400,0.233949,0.192306,0.930627
82.2600,0.230067,0.201605,0.936682
82.2800,0.223496,0.196836,0.926383
82.3400,0.237329,0.195444,0.931249
82.3600,0.228503,0.199659,0.931249
82.4200,0.271384,0.190999,0.930619
82.4400,0.269276,0.196386,0.933370
82.4600,0.273100,0.189276,0.924166
82.4800,0.284145,0.194703,0.924350
82.5200,0.268506,0.200368,0.923794
82.5400,0.273993,0.193404,0.934955
82.6000,0.255631,0.201983,0.936069
82.6200,0.268167,0.201983,0.930511
82.6400,0.245546,0.195007,0.933295
82.6600,0.252887,0.195007,0.934008
82.6800,0.245804,0.197169,0.931071
82.7000,0.270523,0.197169,0.931395
82.7200,0.263703,0.203218,0.933881
82.7400,0.261819,0.189267,0.929491
82.7800,0.270224,0.200953,0.930243
82.8400,0.249437,0.194332,0.930485
82.8600,0.259287,0.194332,0.931982
82.9000,0.242285,0.206403,0.929102
82.9200,0.269522,0.201189,0.931944
82.9400,0.256939,0.204761,0.939852
82.9600,0.236570,0.201331,0.930613
83.0000,0.283365,0.187107,0.933434
83.0200,0.271367,0.187107,0.929127
83.0400,0.270331,0.187863,0.929349
83.0600,0.257362,0.199432,0.934927
83.0800,0.275830,0.199432,0.927884
83.1000,0.262181,0.187084,0.935925
83.1200,0.266234,0.187084,0.935925
83.1600,0.277137,0.195402,0.934924
83.1800,0.251686,0.195402,0.926810
83.2000,0.268186,0.180694,0.926810
83.2200,0.253177,0.192114,0.929723
83.2400,0.267541,0.188835,0.928869
83.2600,0.253647,0.189901,0.928097
83.2800,0.256359,0.189901,0.928097
83.3200,0.267824,0.200301,0.934117
83.3400,0.258876,0.200301,0.930001
83.3600,0.278079,0.211921,0.931533
83.4200,0.251718,0.211921,0.933988
83.4800,0.284578,0.204076,0.935603
83.5000,0.263528,0.190255,0.934535
83.5200,0.273076,0.199132,0.937208
83.5400,0.279239,0.194001,0.937208
83.5600,0.277145,0.194001,0.926427
83.5800,0.279305,0.178111,0.926427
83.6200,0.260002,0.188115,0.936362
83.6600,0.296332,0.186670,0.933578
83.6800,0.258029,0.184079,0.186840
83.7000,0.260198,0.192358,0.195123
83.7200,0.273067,0.192358,0.195123
83.7400,0.268806,0.184467,0.187941
83.7600,0.262073,0.184467,0.195857
83.7800,0.266693,0.184467,0.931857
83.8200,0.255265,0.217797,0.937903
83.9200,0.274334,0.216611,0.220273
83.9400,0.268752,0.216611,0.220273
83.9800,0.275524,0.192563,0.196165
84.0000,0.254943,0.192563,0.196165
84.0200,0.264254,0.219511,0.222929
84.0400,0.272715,0.219511,0.222929
84.0600,0.263574,0.205235,0.208223
84.0800,0.265240,0.202645,0.206609
84.1000,0.289590,0.202645,0.206609
84.1600,0.251895,0.209373,0.212512
84.2000,0.293575,0.197591,0.203453
84.2200,0.263562,0.213958,0.217397
84.2400,0.273980,0.206542,0.210527
84.2600,0.291998,0.206542,0.210527
84.3000,0.256874,0.190875,0.195422
84.3200,0.271175,0.219501,0.223408
84.3600,0.246450,0.201159,0.205236
84.4200,0.266798,0.228177,0.231717
84.4400,0.260866,0.228177,0.231717
84.4600,0.265289,0.228177,0.231717
84.5000,0.258320,0.196389,0.205976
84.5400,0.268839,0.195674,0.200703
84.5600,0.252211,0.188968,0.193435
84.5800,0.274453,0.199820,0.204046
84.6000,0.263826,0.185501,0.189780
84.6600,0.249780,0.206345,0.209911
84.6800,0.271870,0.191802,0.196036
84.7000,0.262692,0.191802,0.196036
84.7200,0.252906,0.192856,0.196756
84.7400,0.263487,0.186779,0.191628
84.8000,0.250244,0.190546,0.194095
84.8600,0.287102,0.194594,0.198164
84.9200,0.254933,0.208993,0.211927
84.9400,0.278109,0.185018,0.189438
84.9600,0.265100,0.201840,0.205329
85.0200,0.286004,0.202089,0.206464
85.0800,0.260982,0.180101,0.184305
85.1000,0.274692,0.180101,0.184305
85.1200,0.253321,0.199983,0.204696
85.1400,0.293455,0.199983,0.204696
85.1600,0.272141,0.198495,0.202381
85.2000,0.251468,0.192842,0.196326
85.2400,0.283131,0.199989,0.204049
85.2600,0.256886,0.190607,0.204049
85.2800,0.265615,0.196619,0.181534
85.3000,0.261122,0.177831,0.181534
85.3200,0.266138,0.177831,0.181534
85.3400,0.263652,0.202376,0.206638
85.3600,0.264517,0.200230,0.204214
85.3800,0.251874,0.200230,0.204214
85.4000,0.267621,0.204243,0.207791
85.4200,0.256635,0.192322,0.196085
85.4600,0.276244,0.201453,0.205765
85.5000,0.250890,0.203070,0.207272
85.5200,0.255357,0.201006,0.204418
85.5400,0.248604,0.200158,0.204158
85.5600,0.256371,0.214119,0.217347
85.5800,0.254125,0.214119,0.217347
85.6000,0.258888,0.186682,0.189504
85.6200,0.243678,0.186682,0.189504
85.6400,0.272932,0.202731,0.206742
85.6600,0.267774,0.200049,0.204257
85.6800,0.270351,0.193513,0.197384
85.7200,0.239838,0.193947,0.197411
85.7600,0.270025,0.208242,0.211541
85.7800,0.269379,0.208242,0.211541
85.8000,0.274299,0.195797,0.199708
85.8600,0.255818,0.199095,0.202522
85.9000,0.273104,0.191098,0.195347
85.9200,0.256988,0.198746,1.075177
85.9400,0.273432,0.192768,1.073419
85.9600,0.252734,0.193604,0.196765
85.9800,0.279154,0.197511,0.201210
86.0000,0.239911,0.188451,0.191593
86.0200,0.282526,0.200772,0.205056
86.0400,0.265745,0.196233,1.081468
86.0600,0.277728,0.191034,0.195074
86.0800,0.273641,0.191034,0.208110
86.1000,0.278633,0.210127,0.206477
86.1200,0.258381,0.210127,0.213363
86.1400,0.267214,0.208465,0.211848
86.2000,0.263889,0.191089,0.194493
86.2200,0.270834,0.192098,0.198921
86.2400,0.269407,0.192098,0.198921
86.2600,0.257051,0.200769,0.203955
86.2800,0.261652,0.198978,0.202022
86.3000,0.262139,0.196537,0.199502
86.3200,0.274729,0.202523,0.206329
86.3400,0.267878,0.202443,0.206068
86.3600,0.259013,0.183405,0.186995
86.3800,0.269354,0.189724,0.193187
86.4000,0.263822,0.179530,0.183611
86.4200,0.257924,0.185809,0.189125
86.4400,0.275976,0.185809,0.189125
86.4600,0.260982,0.214271,0.216469
86.4800,0.280669,0.200730,0.204414
86.5200,0.263043,0.199653,0.202428
86.5400,0.261880,0.204994,0.207700
86.5800,0.271165,0.203393,0.206806
86.6400,0.255738,0.192447,0.196526
86.6600,0.270822,0.204555,0.207618
86.7000,0.259539,0.200931,0.204171
86.7200,0.272654,0.194899,0.198583
86.7400,0.271431,0.195092,0.198679
86.7600,0.270484,0.201032,0.204589
86.7800,0.294568,0.190096,0.201691
86.8000,0.240294,0.190096,0.192873
86.8200,0.254385,0.202236,0.205735
86.8600,0.276543,0.201840,0.205955
86.9000,0.254524,0.208432,0.206484
86.9200,0.261682,0.208432,0.211387
86.9600,0.243346,0.203407,1.073840
86.9800,0.265045,0.203407,0.207464
87.0000,0.250950,0.206414,1.077867
87.0200,0.267345,0.206414,1.077867
87.0400,0.251380,0.206414,0.204854
87.0600,0.264279,0.196159,0.199995
87.0800,0.263935,0.196159,0.200304
87.1000,0.262408,0.197789,0.200651
87.1200,0.262828,0.197789,0.200651
87.1400,0.268175,0.213294,0.216150
87.2000,0.252001,0.197524,0.199660
87.2200,0.272362,0.198029,0.201158
87.2400,0.260940,0.197532,0.199619
87.2600,0.261207,0.200929,0.203876
87.2800,0.274271,0.197311,0.200392
87.3000,0.254676,0.207228,0.209922
87.3400,0.275124,0.201756,0.204899
87.3600,0.262074,0.201756,0.204899
87.3800,0.278151,0.191489,0.199338
87.4200,0.247386,0.191489,0.183577
87.4400,0.263004,0.179247,0.183577
87.4600,0.280537,0.192455,0.197304
87.4800,0.272028,0.188630,0.193574
87.5000,0.271899,0.188064,0.193473
87.5400,0.256835,0.203860,0.206233
87.6000,0.272754,0.203860,0.206233
87.6200,0.257103,0.189873,0.193519
87.6400,0.258243,0.189873,0.193519
87.6600,0.293860,0.189873,0.193519
87.6800,0.270948,0.208024,0.210918
87.7000,0.272055,0.207992,0.210927
87.7200,0.283408,0.207992,0.210927
87.7400,0.283036,0.196499,0.200281
87.7800,0.262799,0.196499,0.200281
87.8000,0.275488,0.211768,0.215666
87.8400,0.242216,0.196981,0.199516
87.8600,0.263138,0.196981,0.199516
87.8800,0.258996,0.207129,0.210177
87.9000,0.251898,0.194880,0.197337
87.9200,0.263271,0.195205,0.198367
87.9400,0.261071,0.195205,1.078681
87.9600,0.252870,0.205839,0.204868
88.0000,0.281573,0.197886,0.201620
88.0200,0.250942,0.220850,0.223063
88.0400,0.257028,0.220850,0.223063
88.1000,0.269303,0.203820,1.076427
88.1200,0.264268,0.201587,0.205054
88.1400,0.269125,0.201587,0.219237
88.1600,0.259883,0.220186,1.076372
88.1800,0.260351,0.220186,1.076372
88.2000,0.263020,0.200746,0.204169
88.2200,0.256960,0.206491,0.204169
88.2800,0.268451,0.223579,0.226501
88.3000,0.246404,0.223579,0.226501
88.3200,0.259846,0.198431,0.202683
88.3400,0.272006,0.198431,0.202683
88.3600,0.264579,0.208657,0.212976
88.4000,0.267099,0.194612,0.198375
88.4200,0.247496,0.194612,0.198375
88.4400,0.263553,0.221474,0.224029
88.4600,0.253526,0.221474,0.224029
88.4800,0.254592,0.221474,0.224029
88.5000,0.255452,0.221529,0.224392
88.5400,0.264926,0.204214,0.206866
88.5600,0.263273,0.208721,0.211497
88.6000,0.251868,0.192483,0.195705
88.6200,0.268958,0.205441,0.208867
88.6400,0.267534,0.205441,0.208867
88.6600,0.257234,0.208029,0.209034
88.6800,0.260255,0.208029,0.210719
88.7000,0.281917,0.203948,0.208174
88.7200,0.264496,0.216938,0.220189
88.7400,0.284258,0.203451,0.206833
88.7600,0.277576,0.208548,0.211757
88.7800,0.278398,0.205196,0.208841
88.8400,0.251281,0.214920,0.218970
88.8600,0.275142,0.214920,0.218970
88.8800,0.262344,0.212676,0.216662
88.9400,0.267760,0.216448,0.220545
88.9600,0.278161,0.216448,0.220545
89.0200,0.250100,0.206602,0.210242
89.0400,0.257290,0.212220,0.215274
89.0600,0.279643,0.200936,0.204248
89.0800,0.271752,0.207066,0.209928
89.1000,0.266371,0.205165,0.208187
89.1200,0.277501,0.214603,0.217793
89.1400,0.274857,0.204807,0.207668
89.1800,0.268464,0.210082,0.213268
89.2000,0.288962,0.210082,0.213268
89.2400,0.266061,0.206617,0.210295
89.2600,0.266127,0.202212,0.205648
89.3000,0.290710,0.210877,0.213928
89.3200,0.286536,0.214973,0.217991
89.3400,0.260825,0.212370,0.215004
89.3600,0.276286,0.212597,0.216150
89.3800,0.271765,0.213466,0.216784
89.4000,0.249978,0.211905,0.216784
89.4200,0.284910,0.207264,0.211046
89.4400,0.268850,0.209072,0.212830
89.4600,0.274365,0.219693,0.222685
89.5000,0.265540,0.214876,0.217826
89.5200,0.280658,0.214876,0.217826
89.5600,0.252107,0.220741,0.223220
89.5800,0.258319,0.205423,0.209740
89.6000,0.255140,0.205423,0.209740
89.6200,0.256162,0.232038,0.235377
89.6400,0.261480,0.212122,0.214534
89.6600,0.243053,0.212122,0.214534
89.7000,0.273489,0.204586,0.208044
89.7400,0.254550,0.205937,0.209530
89.7600,0.265308,0.208218,0.211810
89.7800,0.247745,0.215931,0.219187
89.8200,0.267737,0.198077,0.201247
89.8600,0.255662,0.198077,0.201247
89.9000,0.280776,0.212970,0.216858
89.9200,0.247120,0.211654,0.214930
89.9400,0.261303,0.213957,0.217501
89.9600,0.269049,0.207579,0.211751
89.9800,0.268320,0.208180,0.212568
90.0200,0.251987,0.214214,0.217806
90.0600,0.272872,0.211783,0.214976
90.0800,0.252507,0.211783,0.214976
90.1000,0.280106,0.201085,0.205522
90.1200,0.253626,0.204201,0.208101
90.1400,0.263804,0.206468,0.210914
90.1600,0.250513,0.200828,0.205271
90.1800,0.255649,0.217939,0.221463
90.2200,0.280091,0.201130,0.204920
90.2400,0.278423,0.201130,0.204920
90.2600,0.273203,0.202372,0.206579
90.2800,0.280705,0.205950,0.210147
90.3000,0.273113,0.204303,0.201615
90.3200,0.290121,0.197685,0.201615
90.3400,0.269212,0.208643,0.212172
90.3800,0.296214,0.202709,0.206692
90.4200,0.254735,0.202896,0.206393
90.4600,0.259314,0.192252,0.195300
90.4800,0.258487,0.192252,0.195300
90.5000,0.260246,0.212895,0.216221
90.5200,0.259210,0.198222,0.202607
90.5400,0.283164,0.201635,0.205790
90.5600,0.253333,0.223774,0.227208
90.5800,0.255655,0.223774,0.227208
90.6600,0.264797,0.209213,0.212573
90.6800,0.256887,0.199961,0.203237
90.7200,0.280908,0.219858,0.223569
90.7400,0.267642,0.219858,0.223569
90.7600,0.276936,0.210710,0.214280
90.8000,0.254475,0.210710,0.217925
90.8200,0.266954,0.223995,0.227691
90.8400,0.253434,0.210754,0.214704
90.8600,0.259585,0.211244,0.214796
90.8800,0.281619,0.211244,0.214796
90.9400,0.246907,0.226700,0.229105
90.9800,0.267184,0.212558,0.216133
91.0000,0.254155,0.212558,0.216133
91.0200,0.261044,0.219840,0.223011
91.0400,0.257579,0.203884,0.207418
91.0600,0.257937,0.205710,0.208893
91.0800,0.259163,0.224301,0.227465
91.1200,0.274100,0.217630,0.221453
91.1600,0.249011,0.223480,0.226662
91.2200,0.280158,0.216420,0.220405
91.2400,0.258942,0.216420,0.220405
91.2600,0.282197,0.216420,0.220320
91.2800,0.273982,0.223414,0.227416
91.3000,0.268999,0.223414,0.227416
91.3200,0.254206,0.205595,0.209137
91.3400,0.261061,0.205595,0.209137
91.3600,0.254977,0.205595,0.209137
91.3800,0.271737,0.214143,0.217329
91.4000,0.262997,0.214143,0.217329
91.4200,0.274298,0.205381,0.209409
91.4400,0.248317,0.207417,0.210321
91.4600,0.273403,0.222818,0.225908
91.4800,0.273157,0.205558,0.209304
91.5000,0.254465,0.205558,0.209304
91.5200,0.258792,0.211886,0.215363
91.5400,0.271104,0.207680,0.212165
91.5600,0.258206,0.207680,0.213503
91.6000,0.271613,0.214586,0.218228
91.6600,0.238803,0.205059,0.207874
91.7000,0.262971,0.202641,0.206204
91.7200,0.242407,0.207281,0.210285
91.7400,0.248101,0.202009,0.204948
91.7600,0.267782,0.202009,0.204948
91.7800,0.260282,0.208623,0.212373
91.8400,0.274572,0.200530,0.205105
91.9000,0.240851,0.211144,0.214845
91.9200,0.252767,0.211144,0.214845
91.9400,0.248262,0.205854,0.208831
91.9600,0.248746,0.205854,0.208931
92.0000,0.257577,0.205962,0.209175
92.0200,0.278595,0.200825,0.204036
92.0400,0.247620,0.206079,0.209541
92.0600,0.252446,0.193593,0.197649
92.0800,0.278045,0.202249,0.207729
92.1000,0.271068,0.189505,0.194568
92.1200,0.266622,0.211112,0.215302
92.1400,0.270405,0.198717,0.203082
92.1600,0.302854,0.205326,0.209922
92.2000,0.269698,0.193189,0.208416
92.2200,0.270037,0.200016,0.192376
92.2400,0.259129,0.187574,0.192376
92.2600,0.259570,0.202369,0.207182
92.3000,0.273956,0.191422,0.196072
92.3200,0.253434,0.193695,0.198595
92.3600,0.275400,0.208763,0.199574
92.4000,0.268482,0.200453,0.213144
92.4200,0.275292,0.200453,0.204731
92.4400,0.247271,0.201201,0.204731
92.4800,0.269798,0.209850,0.214031
92.5000,0.253706,0.209850,0.214031
92.5200,0.276496,0.206932,0.211747
92.5400,0.267838,0.210473,0.215306
92.5600,0.274912,0.210473,0.215306
92.6000,0.254986,0.192661,0.197462
92.6200,0.262380,0.192661,0.197462
92.6400,0.278208,0.192661,0.197462
92.6600,0.268998,0.204405,0.209500
92.7000,0.283992,0.203628,0.209032
92.7200,0.257999,0.198891,0.203287
92.7400,0.262126,0.200682,0.205175
92.7600,0.280425,0.217643,0.221871
92.7800,0.256474,0.211337,0.214065
92.8000,0.281818,0.220385,0.224629
92.8200,0.267048,0.212022,0.215116
92.8400,0.280608,0.219354,0.223258
92.8600,0.254435,0.219354,0.223258
92.8800,0.261556,0.191177,0.194934
92.9000,0.270713,0.191177,0.194934
92.9400,0.252733,0.201026,0.204760
92.9600,0.257212,0.200504,0.204643
92.9800,0.271131,0.199331,0.204599
93.0400,0.250557,0.195654,0.199631
93.1000,0.270164,0.210637,0.215310
93.1200,0.280509,0.210637,0.215310
93.1400,0.270370,0.210637,0.215310
93.1600,0.277659,0.207876,0.212570
93.1800,0.269144,0.207876,0.212570
93.2000,0.279332,0.208628,0.213038
93.2200,0.266419,0.217643,0.222888
93.2400,0.294427,0.217643,0.222888
93.2600,0.270373,0.217014,0.222221
93.2800,0.300302,0.217014,0.222221
93.3000,0.287249,0.197540,0.201838
93.3400,0.260869,0.214391,0.218251
93.3600,0.263985,0.201481,0.205932
93.3800,0.289212,0.213201,0.218052
93.4000,0.261372,0.213201,0.218052
93.4200,0.287356,0.194208,0.202831
93.4400,0.280509,0.194208,0.199776
93.4600,0.264480,0.211862,0.216201
93.5200,0.281297,0.204573,0.209147
93.5600,0.256665,0.215070,0.218542
93.5800,0.276925,0.215070,0.218542
93.6000,0.265849,0.196776,0.201716
93.6200,0.274138,0.196776,0.201716
93.6400,0.269570,0.196776,0.201716
93.6800,0.254545,0.201709,0.206296
93.7200,0.277004,0.204988,0.209122
93.7400,0.270928,0.215983,0.220969
93.7600,0.253654,0.208690,0.220969
93.7800,0.284637,0.209658,0.943370
93.8000,0.273146,0.209658,0.943126
93.8200,0.259909,0.219801,0.951401
93.8400,0.269557,0.219801,0.951401
93.8600,0.245275,0.216426,0.951401
93.8800,0.269819,0.206494,0.939591
93.9000,0.256300,0.209169,0.939591
93.9400,0.268226,0.227558,0.946977
93.9800,0.255398,0.203706,0.939028
94.0000,0.276724,0.207998,0.939028
94.0400,0.249340,0.217462,0.943696
94.0800,0.274032,0.220942,0.939860
94.1000,0.242403,0.217171,0.939860
94.1400,0.283128,0.222231,0.942466
94.1600,0.259164,0.222231,0.945088
94.1800,0.270664,0.220648,0.942719
94.2000,0.268008,0.221155,0.942719
94.2200,0.256671,0.223856,0.946099
94.2400,0.282576,0.204037,0.938837
94.2600,0.264880,0.204037,0.938837
94.2800,0.266073,0.208352,0.940588
94.3000,0.282203,0.199434,0.934483
94.3200,0.248601,0.208992,0.934483
94.3400,0.250828,0.207061,0.943344
94.3600,0.251191,0.205724,0.941543
94.3800,0.239325,0.210734,0.947366
94.4000,0.256045,0.210734,0.947366
94.4200,0.250311,0.210734,0.934875
94.4400,0.259379,0.184266,0.934875
94.4600,0.253941,0.184266,0.937382
94.4800,0.251037,0.184266,0.931465
94.5200,0.280353,0.206698,0.937681
94.5400,0.258517,0.200175,0.930046
94.5600,0.270553,0.208339,0.933556
94.5800,0.275634,0.208339,0.932784
94.6000,0.271898,0.206989,0.933564
94.6200,0.286299,0.219648,0.940399
94.6600,0.265436,0.208815,0.930358
94.6800,0.278836,0.208815,0.931880
94.7000,0.273461,0.204828,0.931880
94.7200,0.257767,0.204828,0.927644
94.7400,0.262309,0.198536,0.927644
94.7800,0.281633,0.198536,0.934372
94.8000,0.257167,0.220810,0.932542
94.8200,0.288096,0.220810,0.223474
94.8400,0.263608,0.205004,0.930702
94.8600,0.269174,0.205004,0.930702
94.8800,0.269444,0.205040,0.930702
94.9200,0.288928,0.202092,0.937395
94.9600,0.280332,0.201087,0.203564
94.9800,0.291271,0.207239,0.210923
95.0000,0.284043,0.202128,0.937487
95.0200,0.297988,0.222021,0.937487
95.0400,0.296155,0.222021,0.937487
95.0600,0.272064,0.189892,0.929614
95.0800,0.285056,0.217270,0.936981
95.1000,0.289362,0.202255,0.929263
95.1200,0.285212,0.195173,0.931781
95.1400,0.295446,0.195173,0.933943
95.1600,0.268754,0.206293,0.927452
95.1800,0.274331,0.195599,0.927452
95.2400,0.268337,0.204560,0.933142
95.2600,0.281483,0.205207,0.930257
95.2800,0.277270,0.207753,0.931737
95.3000,0.278567,0.199368,0.202059
95.3200,0.285049,0.199368,0.926174
95.3400,0.282667,0.210292,0.212863
95.3600,0.284603,0.211046,0.933965
95.3800,0.271206,0.220039,0.933965
95.4200,0.285826,0.199431,0.925570
95.4600,0.281244,0.210046,0.209943
95.4800,0.298561,0.207206,0.209943
95.5000,0.279884,0.201478,0.204022
95.5200,0.293683,0.218260,0.220368
95.5400,0.276284,0.194491,0.196436
95.5600,0.301185,0.200536,0.203587
95.5800,0.296854,0.209170,0.211548
95.6200,0.258554,0.194614,0.196799
95.6600,0.287235,0.214289,0.216810
95.7000,0.272412,0.205090,0.207999
95.7400,0.297592,0.196212,0.200895
95.7600,0.294761,0.196212,0.199400
95.7800,0.285402,0.198863,0.199489
95.8000,0.287235,0.198863,0.199489
95.8200,0.307457,0.200905,0.204129
95.8400,0.278234,0.193523,0.196636
95.8600,0.292300,0.193523,0.196636
95.8800,0.293769,0.198023,0.200735
95.9000,0.279491,0.195042,0.197180
95.9200,0.287230,0.196924,0.199475
95.9400,0.303174,0.203155,0.205901
95.9600,0.282126,0.195154,0.197614
95.9800,0.286060,0.206551,0.209184
96.0200,0.268271,0.204807,0.207138
96.0400,0.298884,0.201176,0.204348
96.0600,0.294598,0.206632,0.209174
96.0800,0.282886,0.192212,0.194968
96.1000,0.287464,0.192212,0.194968
96.1200,0.287928,0.212805,0.215551
96.1400,0.279352,0.212805,0.215551
96.1600,0.293205,0.212805,0.215551
96.1800,0.269138,0.199100,0.201324
96.2000,0.288357,0.199100,0.201324
96.2200,0.281621,0.186873,0.189762
96.2800,0.258173,0.207898,0.210286
96.3000,0.281709,0.200774,0.203824
96.3400,0.256749,0.199342,0.934888
96.3600,0.274714,0.205833,0.934888
96.3800,0.264539,0.210144,0.931884
96.4200,0.255318,0.200917,0.932795
96.4600,0.277443,0.198637,0.928246
96.5000,0.253304,0.201245,0.930356
96.5200,0.288490,0.198946,0.930356
96.5400,0.265173,0.188109,0.191570
96.5600,0.272311,0.194326,0.191570
96.5800,0.267035,0.194326,0.926087
96.6000,0.280216,0.214550,0.930797
96.6600,0.253212,0.201312,0.928748
96.6800,0.251029,0.216648,0.931528
96.7000,0.269145,0.216648,0.931528
96.7400,0.240007,0.205439,0.925367
96.8000,0.279875,0.217629,0.936493
96.8200,0.282197,0.217629,0.929809
96.8400,0.280569,0.206139,0.933381
96.8800,0.261940,0.212061,0.937141
96.9000,0.264365,0.197010,0.937141
96.9200,0.280415,0.197010,0.924712
96.9600,0.263166,0.197248,0.930041
96.9800,0.286986,0.208344,0.926560
97.0000,0.269957,0.201605,0.928350
97.0200,0.280055,0.205371,0.927594
97.0600,0.292833,0.199852,0.923550
97.1400,0.258163,0.211130,0.929207
97.1800,0.272378,0.205024,0.931829
97.2000,0.269961,0.205495,0.931295
97.2200,0.281380,0.194341,0.931295
97.2400,0.277200,0.194341,0.931295
97.2600,0.270089,0.196113,0.917853
97.3000,0.297958,0.198743,0.927173
97.3200,0.278916,0.186971,0.918937
97.3400,0.283969,0.203917,0.918937
97.3600,0.279397,0.203332,0.927185
97.3800,0.290339,0.194004,0.922939
97.4000,0.268248,0.211799,0.925326
97.4200,0.274380,0.206847,0.921813
97.4400,0.295331,0.206847,0.925925
97.4600,0.273541,0.196238,0.922522
97.4800,0.276322,0.205763,0.926159
97.5000,0.279573,0.191579,0.922941
97.5200,0.279426,0.203539,0.923217
97.5400,0.274621,0.197098,0.923217
97.5600,0.296117,0.202346,0.929532
97.5800,0.288406,0.197151,0.929532
97.6000,0.267028,0.197289,0.923592
97.6200,0.270394,0.200496,0.924978
97.6400,0.290478,0.198342,0.924978
97.6600,0.280707,0.198342,0.924229
97.7000,0.295642,0.217479,0.930656
97.7400,0.281946,0.217479,0.925540
97.7600,0.267429,0.211885,0.926180
97.7800,0.276032,0.218697,0.922984
97.8000,0.266426,0.200379,0.922984
97.8200,0.278206,0.200671,0.924041
97.8600,0.260637,0.206187,0.923652
97.8800,0.277216,0.215695,0.927478
97.9000,0.273655,0.208712,0.927478
97.9400,0.255621,0.212185,0.935286
97.9600,0.268109,0.202878,0.925087
97.9800,0.244331,0.202878,0.927828
98.0200,0.275114,0.215072,0.930332
98.0400,0.274616,0.215072,0.928840
98.0800,0.256145,0.213507,0.925596
98.1200,0.278418,0.207851,0.924051
98.1400,0.273214,0.207851,0.924051
98.1600,0.256798,0.209453,0.924051
98.1800,0.264575,0.224115,0.927573
98.2000,0.255614,0.215785,0.921899
98.2200,0.273533,0.223388,0.929366
98.2400,0.254468,0.223388,0.925093
98.2600,0.271872,0.213546,0.925534
98.2800,0.258154,0.220356,0.933982
98.3000,0.264674,0.220356,0.933982
98.3200,0.265528,0.206639,0.927216
98.3400,0.260704,0.217620,0.936230
98.3600,0.247652,0.217491,0.933407
98.3800,0.277816,0.219368,0.924532
98.4000,0.271545,0.207453,0.924532
98.4800,0.289567,0.218570,0.918532
98.5400,0.268371,0.200342,0.924505
98.5600,0.264841,0.222569,0.924505
98.5800,0.254437,0.222569,0.934798
98.6000,0.281500,0.221042,0.934798
98.6200,0.272818,0.213183,0.934798
98.6400,0.269910,0.219889,0.921601
98.6600,0.278309,0.215630,0.921601
98.6800,0.250481,0.227714,0.930432
98.7400,0.294282,0.212351,0.921590
98.7600,0.277567,0.220591,0.921590
98.8000,0.295596,0.205981,0.219950
98.8200,0.248806,0.205981,0.219950
98.8400,0.261976,0.208060,0.925764
98.9000,0.290833,0.216094,0.923144
98.9200,0.275456,0.216094,0.925725
98.9400,0.280290,0.204596,0.922866
98.9600,0.299687,0.204596,0.922866
98.9800,0.259303,0.217767,0.932036
99.0000,0.270294,0.201270,0.928953
99.0200,0.279698,0.201270,0.925076
99.0400,0.263881,0.208621,0.211915
99.0600,0.266974,0.203796,0.925131
99.0800,0.272823,0.204673,0.208717
99.1000,0.268556,0.212045,0.929941
99.1200,0.287158,0.211386,0.924991
99.1400,0.273752,0.211386,0.926933
99.1600,0.280859,0.199787,0.926296
99.1800,0.279353,0.199787,0.926296
99.2200,0.301392,0.197426,0.201322
99.2400,0.295352,0.201920,0.922824
99.2600,0.314125,0.188798,0.917575
99.3000,0.276189,0.184860,0.926844
99.3400,0.292045,0.205582,0.928804
99.3600,0.274677,0.195391,0.926160
99.3800,0.277038,0.195690,0.926160
99.4200,0.273222,0.197346,0.925480
99.4400,0.275474,0.194088,0.925979
99.4600,0.270356,0.194088,0.925979
99.4800,0.250206,0.222848,0.933245
99.5000,0.262001,0.222848,0.933245
99.5200,0.257498,0.201957,0.931124
99.5400,0.272667,0.201957,0.923167
99.5600,0.255555,0.210712,0.930788
99.5800,0.256190,0.207431,0.930788
99.6000,0.249799,0.199793,0.919101
99.6200,0.255860,0.199793,0.919101
99.6600,0.282668,0.203635,0.924417
99.7200,0.250138,0.205248,0.919531
99.7800,0.266760,0.203594,0.923007
99.8200,0.265854,0.185464,0.908497
99.8600,0.286438,0.206666,0.920035
99.8800,0.260793,0.199979,0.914387
99.9000,0.263415,0.202027,0.922470
99.9400,0.283855,0.190491,0.918074
99.9600,0.250310,0.207684,0.922842
99.9800,0.250493,0.207684,0.922726
100.0000,0.269480,0.204692,0.923955
100.0000,0.269480,0.204692,0.923955
